Time,Hex,Event_No,IN_1,IN_2,IN_3,IN_4,IN_5,IN_6,IN_7,IN_8,IN_9,IN_10,IN_11,IN_12,IN_13,IN_14,IN_15,IN_16
13:28.4,0xFF03,1,1,1,0,0,0,0,0,0,1,1,1,1,1,1,1,1
13:28.4,0xFF02,2,0,1,0,0,0,0,0,0,1,1,1,1,1,1,1,1
13:28.4,0xFF02,3,0,1,0,0,0,0,0,0,1,1,1,1,1,1,1,1
13:28.4,0xFF02,4,0,1,0,0,0,0,0,0,1,1,1,1,1,1,1,1
13:28.4,0xFF02,5,0,1,0,0,0,0,0,0,1,1,1,1,1,1,1,1
13:28.5,0xFF02,6,0,1,0,0,0,0,0,0,1,1,1,1,1,1,1,1
13:28.5,0xFF02,7,0,1,0,0,0,0,0,0,1,1,1,1,1,1,1,1
13:28.5,0xFF02,8,0,1,0,0,0,0,0,0,1,1,1,1,1,1,1,1
13:28.5,0xFF02,9,0,1,0,0,0,0,0,0,1,1,1,1,1,1,1,1
13:28.5,0xFF02,10,0,1,0,0,0,0,0,0,1,1,1,1,1,1,1,1
13:28.5,0xFF02,11,0,1,0,0,0,0,0,0,1,1,1,1,1,1,1,1
13:28.5,0xFF02,12,0,1,0,0,0,0,0,0,1,1,1,1,1,1,1,1
13:28.5,0xFF02,13,0,1,0,0,0,0,0,0,1,1,1,1,1,1,1,1
13:28.5,0xFF02,14,0,1,0,0,0,0,0,0,1,1,1,1,1,1,1,1
13:28.5,0xFF02,15,0,1,0,0,0,0,0,0,1,1,1,1,1,1,1,1
13:28.6,0xFF02,16,0,1,0,0,0,0,0,0,1,1,1,1,1,1,1,1
13:28.6,0xFF03,17,1,1,0,0,0,0,0,0,1,1,1,1,1,1,1,1
13:28.6,0xFF03,18,1,1,0,0,0,0,0,0,1,1,1,1,1,1,1,1
13:28.6,0xFF03,19,1,1,0,0,0,0,0,0,1,1,1,1,1,1,1,1
13:28.6,0xFF03,20,1,1,0,0,0,0,0,0,1,1,1,1,1,1,1,1
13:28.6,0xFF03,21,1,1,0,0,0,0,0,0,1,1,1,1,1,1,1,1
13:28.6,0xFF03,22,1,1,0,0,0,0,0,0,1,1,1,1,1,1,1,1
13:28.6,0xFF03,23,1,1,0,0,0,0,0,0,1,1,1,1,1,1,1,1
13:28.6,0xFF03,24,1,1,0,0,0,0,0,0,1,1,1,1,1,1,1,1
13:28.6,0xFF03,25,1,1,0,0,0,0,0,0,1,1,1,1,1,1,1,1
13:28.7,0xFF03,26,1,1,0,0,0,0,0,0,1,1,1,1,1,1,1,1
13:28.7,0xFF03,27,1,1,0,0,0,0,0,0,1,1,1,1,1,1,1,1
13:28.7,0xFF03,28,1,1,0,0,0,0,0,0,1,1,1,1,1,1,1,1
13:28.7,0xFF03,29,1,1,0,0,0,0,0,0,1,1,1,1,1,1,1,1
13:28.7,0xFF03,30,1,1,0,0,0,0,0,0,1,1,1,1,1,1,1,1
13:28.7,0xFF03,31,1,1,0,0,0,0,0,0,1,1,1,1,1,1,1,1
13:28.7,0xFF02,32,0,1,0,0,0,0,0,0,1,1,1,1,1,1,1,1
13:28.7,0xFF02,33,0,1,0,0,0,0,0,0,1,1,1,1,1,1,1,1
13:28.7,0xFF02,34,0,1,0,0,0,0,0,0,1,1,1,1,1,1,1,1
13:28.7,0xFF02,35,0,1,0,0,0,0,0,0,1,1,1,1,1,1,1,1
13:28.8,0xFF02,36,0,1,0,0,0,0,0,0,1,1,1,1,1,1,1,1
13:28.8,0xFF02,37,0,1,0,0,0,0,0,0,1,1,1,1,1,1,1,1
13:28.8,0xFF02,38,0,1,0,0,0,0,0,0,1,1,1,1,1,1,1,1
13:28.8,0xFF02,39,0,1,0,0,0,0,0,0,1,1,1,1,1,1,1,1
13:28.8,0xFF02,40,0,1,0,0,0,0,0,0,1,1,1,1,1,1,1,1
13:28.8,0xFF02,41,0,1,0,0,0,0,0,0,1,1,1,1,1,1,1,1
13:28.8,0xFF02,42,0,1,0,0,0,0,0,0,1,1,1,1,1,1,1,1
13:28.8,0xFF02,43,0,1,0,0,0,0,0,0,1,1,1,1,1,1,1,1
13:28.8,0xFF02,44,0,1,0,0,0,0,0,0,1,1,1,1,1,1,1,1
13:28.8,0xFF02,45,0,1,0,0,0,0,0,0,1,1,1,1,1,1,1,1
13:28.9,0xFF02,46,0,1,0,0,0,0,0,0,1,1,1,1,1,1,1,1
13:28.9,0xFF03,47,1,1,0,0,0,0,0,0,1,1,1,1,1,1,1,1
13:28.9,0xFF03,48,1,1,0,0,0,0,0,0,1,1,1,1,1,1,1,1
13:28.9,0xFF03,49,1,1,0,0,0,0,0,0,1,1,1,1,1,1,1,1
13:28.9,0xFF03,50,1,1,0,0,0,0,0,0,1,1,1,1,1,1,1,1
13:28.9,0xFF03,51,1,1,0,0,0,0,0,0,1,1,1,1,1,1,1,1
13:28.9,0xFF03,52,1,1,0,0,0,0,0,0,1,1,1,1,1,1,1,1
13:28.9,0xFF03,53,1,1,0,0,0,0,0,0,1,1,1,1,1,1,1,1
13:28.9,0xFF03,54,1,1,0,0,0,0,0,0,1,1,1,1,1,1,1,1
13:28.9,0xFF03,55,1,1,0,0,0,0,0,0,1,1,1,1,1,1,1,1
13:29.0,0xFF03,56,1,1,0,0,0,0,0,0,1,1,1,1,1,1,1,1
13:29.0,0xFF03,57,1,1,0,0,0,0,0,0,1,1,1,1,1,1,1,1
13:29.0,0xFF03,58,1,1,0,0,0,0,0,0,1,1,1,1,1,1,1,1
13:29.0,0xFF03,59,1,1,0,0,0,0,0,0,1,1,1,1,1,1,1,1
13:29.0,0xFF03,60,1,1,0,0,0,0,0,0,1,1,1,1,1,1,1,1
13:29.0,0xFF03,61,1,1,0,0,0,0,0,0,1,1,1,1,1,1,1,1
13:29.0,0xFF02,62,0,1,0,0,0,0,0,0,1,1,1,1,1,1,1,1
13:29.0,0xFF02,63,0,1,0,0,0,0,0,0,1,1,1,1,1,1,1,1
13:29.0,0xFF02,64,0,1,0,0,0,0,0,0,1,1,1,1,1,1,1,1
13:29.1,0xFF02,65,0,1,0,0,0,0,0,0,1,1,1,1,1,1,1,1
13:29.1,0xFF02,66,0,1,0,0,0,0,0,0,1,1,1,1,1,1,1,1
13:29.1,0xFF02,67,0,1,0,0,0,0,0,0,1,1,1,1,1,1,1,1
13:29.1,0xFF02,68,0,1,0,0,0,0,0,0,1,1,1,1,1,1,1,1
13:29.1,0xFF02,69,0,1,0,0,0,0,0,0,1,1,1,1,1,1,1,1
13:29.1,0xFF02,70,0,1,0,0,0,0,0,0,1,1,1,1,1,1,1,1
13:29.1,0xFF02,71,0,1,0,0,0,0,0,0,1,1,1,1,1,1,1,1
13:29.1,0xFF02,72,0,1,0,0,0,0,0,0,1,1,1,1,1,1,1,1
13:29.1,0xFF02,73,0,1,0,0,0,0,0,0,1,1,1,1,1,1,1,1
13:29.1,0xFF02,74,0,1,0,0,0,0,0,0,1,1,1,1,1,1,1,1
13:29.2,0xFF02,75,0,1,0,0,0,0,0,0,1,1,1,1,1,1,1,1
13:29.2,0xFF03,76,1,1,0,0,0,0,0,0,1,1,1,1,1,1,1,1
13:29.2,0xFF03,77,1,1,0,0,0,0,0,0,1,1,1,1,1,1,1,1
13:29.2,0xFF03,78,1,1,0,0,0,0,0,0,1,1,1,1,1,1,1,1
13:29.2,0xFF03,79,1,1,0,0,0,0,0,0,1,1,1,1,1,1,1,1
13:29.2,0xFF03,80,1,1,0,0,0,0,0,0,1,1,1,1,1,1,1,1
13:29.2,0xFF03,81,1,1,0,0,0,0,0,0,1,1,1,1,1,1,1,1
13:29.2,0xFF03,82,1,1,0,0,0,0,0,0,1,1,1,1,1,1,1,1
13:29.2,0xFF03,83,1,1,0,0,0,0,0,0,1,1,1,1,1,1,1,1
13:29.2,0xFF03,84,1,1,0,0,0,0,0,0,1,1,1,1,1,1,1,1
13:29.3,0xFF03,85,1,1,0,0,0,0,0,0,1,1,1,1,1,1,1,1
13:29.3,0xFF03,86,1,1,0,0,0,0,0,0,1,1,1,1,1,1,1,1
13:29.3,0xFF03,87,1,1,0,0,0,0,0,0,1,1,1,1,1,1,1,1
13:29.3,0xFF03,88,1,1,0,0,0,0,0,0,1,1,1,1,1,1,1,1
13:29.3,0xFF03,89,1,1,0,0,0,0,0,0,1,1,1,1,1,1,1,1
13:29.3,0xFF03,90,1,1,0,0,0,0,0,0,1,1,1,1,1,1,1,1
13:29.3,0xFF02,91,0,1,0,0,0,0,0,0,1,1,1,1,1,1,1,1
13:29.3,0xFF02,92,0,1,0,0,0,0,0,0,1,1,1,1,1,1,1,1
13:29.3,0xFF02,93,0,1,0,0,0,0,0,0,1,1,1,1,1,1,1,1
13:29.3,0xFF02,94,0,1,0,0,0,0,0,0,1,1,1,1,1,1,1,1
13:29.4,0xFF02,95,0,1,0,0,0,0,0,0,1,1,1,1,1,1,1,1
13:29.4,0xFF02,96,0,1,0,0,0,0,0,0,1,1,1,1,1,1,1,1
13:29.4,0xFF02,97,0,1,0,0,0,0,0,0,1,1,1,1,1,1,1,1
13:29.4,0xFF02,98,0,1,0,0,0,0,0,0,1,1,1,1,1,1,1,1
13:29.4,0xFF02,99,0,1,0,0,0,0,0,0,1,1,1,1,1,1,1,1
13:29.4,0xFF02,100,0,1,0,0,0,0,0,0,1,1,1,1,1,1,1,1
13:29.4,0xFF02,101,0,1,0,0,0,0,0,0,1,1,1,1,1,1,1,1
13:29.4,0xFF02,102,0,1,0,0,0,0,0,0,1,1,1,1,1,1,1,1
13:29.4,0xFF02,103,0,1,0,0,0,0,0,0,1,1,1,1,1,1,1,1
13:29.4,0xFF02,104,0,1,0,0,0,0,0,0,1,1,1,1,1,1,1,1
13:29.5,0xFF02,105,0,1,0,0,0,0,0,0,1,1,1,1,1,1,1,1
13:29.5,0xFF03,106,1,1,0,0,0,0,0,0,1,1,1,1,1,1,1,1
13:29.5,0xFF03,107,1,1,0,0,0,0,0,0,1,1,1,1,1,1,1,1
13:29.5,0xFF03,108,1,1,0,0,0,0,0,0,1,1,1,1,1,1,1,1
13:29.5,0xFF03,109,1,1,0,0,0,0,0,0,1,1,1,1,1,1,1,1
13:29.5,0xFF03,110,1,1,0,0,0,0,0,0,1,1,1,1,1,1,1,1
13:29.5,0xFF03,111,1,1,0,0,0,0,0,0,1,1,1,1,1,1,1,1
13:29.5,0xFF03,112,1,1,0,0,0,0,0,0,1,1,1,1,1,1,1,1
13:29.5,0xFF03,113,1,1,0,0,0,0,0,0,1,1,1,1,1,1,1,1
13:29.5,0xFF03,114,1,1,0,0,0,0,0,0,1,1,1,1,1,1,1,1
13:29.6,0xFF03,115,1,1,0,0,0,0,0,0,1,1,1,1,1,1,1,1
13:29.6,0xFF03,116,1,1,0,0,0,0,0,0,1,1,1,1,1,1,1,1
13:29.6,0xFF03,117,1,1,0,0,0,0,0,0,1,1,1,1,1,1,1,1
13:29.6,0xFF03,118,1,1,0,0,0,0,0,0,1,1,1,1,1,1,1,1
13:29.6,0xFF03,119,1,1,0,0,0,0,0,0,1,1,1,1,1,1,1,1
13:29.6,0xFF03,120,1,1,0,0,0,0,0,0,1,1,1,1,1,1,1,1
13:29.6,0xFF02,121,0,1,0,0,0,0,0,0,1,1,1,1,1,1,1,1
13:29.6,0xFF02,122,0,1,0,0,0,0,0,0,1,1,1,1,1,1,1,1
13:29.6,0xFF02,123,0,1,0,0,0,0,0,0,1,1,1,1,1,1,1,1
13:29.6,0xFF02,124,0,1,0,0,0,0,0,0,1,1,1,1,1,1,1,1
13:29.7,0xFF02,125,0,1,0,0,0,0,0,0,1,1,1,1,1,1,1,1
13:29.7,0xFF02,126,0,1,0,0,0,0,0,0,1,1,1,1,1,1,1,1
13:29.7,0xFF02,127,0,1,0,0,0,0,0,0,1,1,1,1,1,1,1,1
13:29.7,0xFF02,128,0,1,0,0,0,0,0,0,1,1,1,1,1,1,1,1
13:29.7,0xFF02,129,0,1,0,0,0,0,0,0,1,1,1,1,1,1,1,1
13:29.7,0xFF02,130,0,1,0,0,0,0,0,0,1,1,1,1,1,1,1,1
13:29.7,0xFF02,131,0,1,0,0,0,0,0,0,1,1,1,1,1,1,1,1
13:29.7,0xFF02,132,0,1,0,0,0,0,0,0,1,1,1,1,1,1,1,1
13:29.7,0xFF02,133,0,1,0,0,0,0,0,0,1,1,1,1,1,1,1,1
13:29.7,0xFF02,134,0,1,0,0,0,0,0,0,1,1,1,1,1,1,1,1
13:29.8,0xFF02,135,0,1,0,0,0,0,0,0,1,1,1,1,1,1,1,1
13:29.8,0xFF03,136,1,1,0,0,0,0,0,0,1,1,1,1,1,1,1,1
13:29.8,0xFF03,137,1,1,0,0,0,0,0,0,1,1,1,1,1,1,1,1
13:29.8,0xFF03,138,1,1,0,0,0,0,0,0,1,1,1,1,1,1,1,1
13:29.8,0xFF03,139,1,1,0,0,0,0,0,0,1,1,1,1,1,1,1,1
13:29.8,0xFF03,140,1,1,0,0,0,0,0,0,1,1,1,1,1,1,1,1
13:29.8,0xFF03,141,1,1,0,0,0,0,0,0,1,1,1,1,1,1,1,1
13:29.8,0xFF03,142,1,1,0,0,0,0,0,0,1,1,1,1,1,1,1,1
13:29.8,0xFF03,143,1,1,0,0,0,0,0,0,1,1,1,1,1,1,1,1
13:29.8,0xFF03,144,1,1,0,0,0,0,0,0,1,1,1,1,1,1,1,1
13:29.9,0xFF03,145,1,1,0,0,0,0,0,0,1,1,1,1,1,1,1,1
13:29.9,0xFF03,146,1,1,0,0,0,0,0,0,1,1,1,1,1,1,1,1
13:29.9,0xFF03,147,1,1,0,0,0,0,0,0,1,1,1,1,1,1,1,1
13:29.9,0xFF03,148,1,1,0,0,0,0,0,0,1,1,1,1,1,1,1,1
13:29.9,0xFF03,149,1,1,0,0,0,0,0,0,1,1,1,1,1,1,1,1
13:29.9,0xFF03,150,1,1,0,0,0,0,0,0,1,1,1,1,1,1,1,1
13:29.9,0xFF02,151,0,1,0,0,0,0,0,0,1,1,1,1,1,1,1,1
13:29.9,0xFF02,152,0,1,0,0,0,0,0,0,1,1,1,1,1,1,1,1
13:29.9,0xFF02,153,0,1,0,0,0,0,0,0,1,1,1,1,1,1,1,1
13:29.9,0xFF02,154,0,1,0,0,0,0,0,0,1,1,1,1,1,1,1,1
13:30.0,0xFF02,155,0,1,0,0,0,0,0,0,1,1,1,1,1,1,1,1
13:30.0,0xFF02,156,0,1,0,0,0,0,0,0,1,1,1,1,1,1,1,1
13:30.0,0xFF02,157,0,1,0,0,0,0,0,0,1,1,1,1,1,1,1,1
13:30.0,0xFF02,158,0,1,0,0,0,0,0,0,1,1,1,1,1,1,1,1
13:30.0,0xFF02,159,0,1,0,0,0,0,0,0,1,1,1,1,1,1,1,1
13:30.0,0xFF02,160,0,1,0,0,0,0,0,0,1,1,1,1,1,1,1,1
13:30.0,0xFF02,161,0,1,0,0,0,0,0,0,1,1,1,1,1,1,1,1
13:30.0,0xFF02,162,0,1,0,0,0,0,0,0,1,1,1,1,1,1,1,1
13:30.0,0xFF02,163,0,1,0,0,0,0,0,0,1,1,1,1,1,1,1,1
13:30.1,0xFF02,164,0,1,0,0,0,0,0,0,1,1,1,1,1,1,1,1
13:30.1,0xFF03,165,1,1,0,0,0,0,0,0,1,1,1,1,1,1,1,1
13:30.1,0xFF03,166,1,1,0,0,0,0,0,0,1,1,1,1,1,1,1,1
13:30.1,0xFF03,167,1,1,0,0,0,0,0,0,1,1,1,1,1,1,1,1
13:30.1,0xFF03,168,1,1,0,0,0,0,0,0,1,1,1,1,1,1,1,1
13:30.1,0xFF03,169,1,1,0,0,0,0,0,0,1,1,1,1,1,1,1,1
13:30.1,0xFF03,170,1,1,0,0,0,0,0,0,1,1,1,1,1,1,1,1
13:30.1,0xFF03,171,1,1,0,0,0,0,0,0,1,1,1,1,1,1,1,1
13:30.1,0xFF03,172,1,1,0,0,0,0,0,0,1,1,1,1,1,1,1,1
13:30.1,0xFF03,173,1,1,0,0,0,0,0,0,1,1,1,1,1,1,1,1
13:30.2,0xFF03,174,1,1,0,0,0,0,0,0,1,1,1,1,1,1,1,1
13:30.2,0xFF03,175,1,1,0,0,0,0,0,0,1,1,1,1,1,1,1,1
13:30.2,0xFF03,176,1,1,0,0,0,0,0,0,1,1,1,1,1,1,1,1
13:30.2,0xFF03,177,1,1,0,0,0,0,0,0,1,1,1,1,1,1,1,1
13:30.2,0xFF03,178,1,1,0,0,0,0,0,0,1,1,1,1,1,1,1,1
13:30.2,0xFF03,179,1,1,0,0,0,0,0,0,1,1,1,1,1,1,1,1
13:30.2,0xFF02,180,0,1,0,0,0,0,0,0,1,1,1,1,1,1,1,1
13:30.2,0xFF02,181,0,1,0,0,0,0,0,0,1,1,1,1,1,1,1,1
13:30.2,0xFF02,182,0,1,0,0,0,0,0,0,1,1,1,1,1,1,1,1
13:30.2,0xFF02,183,0,1,0,0,0,0,0,0,1,1,1,1,1,1,1,1
13:30.3,0xFF02,184,0,1,0,0,0,0,0,0,1,1,1,1,1,1,1,1
13:30.3,0xFF02,185,0,1,0,0,0,0,0,0,1,1,1,1,1,1,1,1
13:30.3,0xFF02,186,0,1,0,0,0,0,0,0,1,1,1,1,1,1,1,1
13:30.3,0xFF02,187,0,1,0,0,0,0,0,0,1,1,1,1,1,1,1,1
13:30.3,0xFF02,188,0,1,0,0,0,0,0,0,1,1,1,1,1,1,1,1
13:30.3,0xFF02,189,0,1,0,0,0,0,0,0,1,1,1,1,1,1,1,1
13:30.3,0xFF02,190,0,1,0,0,0,0,0,0,1,1,1,1,1,1,1,1
13:30.3,0xFF02,191,0,1,0,0,0,0,0,0,1,1,1,1,1,1,1,1
13:30.3,0xFF02,192,0,1,0,0,0,0,0,0,1,1,1,1,1,1,1,1
13:30.3,0xFF02,193,0,1,0,0,0,0,0,0,1,1,1,1,1,1,1,1
13:30.4,0xFF02,194,0,1,0,0,0,0,0,0,1,1,1,1,1,1,1,1
13:30.4,0xFF03,195,1,1,0,0,0,0,0,0,1,1,1,1,1,1,1,1
13:30.4,0xFF03,196,1,1,0,0,0,0,0,0,1,1,1,1,1,1,1,1
13:30.4,0xFF03,197,1,1,0,0,0,0,0,0,1,1,1,1,1,1,1,1
13:30.4,0xFF03,198,1,1,0,0,0,0,0,0,1,1,1,1,1,1,1,1
13:30.4,0xFF03,199,1,1,0,0,0,0,0,0,1,1,1,1,1,1,1,1
13:30.4,0xFF03,200,1,1,0,0,0,0,0,0,1,1,1,1,1,1,1,1
13:30.4,0xFF03,201,1,1,0,0,0,0,0,0,1,1,1,1,1,1,1,1
13:30.4,0xFF03,202,1,1,0,0,0,0,0,0,1,1,1,1,1,1,1,1
13:30.4,0xFF03,203,1,1,0,0,0,0,0,0,1,1,1,1,1,1,1,1
13:30.5,0xFF03,204,1,1,0,0,0,0,0,0,1,1,1,1,1,1,1,1
13:30.5,0xFF03,205,1,1,0,0,0,0,0,0,1,1,1,1,1,1,1,1
13:30.5,0xFF03,206,1,1,0,0,0,0,0,0,1,1,1,1,1,1,1,1
13:30.5,0xFF03,207,1,1,0,0,0,0,0,0,1,1,1,1,1,1,1,1
13:30.5,0xFF03,208,1,1,0,0,0,0,0,0,1,1,1,1,1,1,1,1
13:30.5,0xFF03,209,1,1,0,0,0,0,0,0,1,1,1,1,1,1,1,1
13:30.5,0xFF02,210,0,1,0,0,0,0,0,0,1,1,1,1,1,1,1,1
13:30.5,0xFF02,211,0,1,0,0,0,0,0,0,1,1,1,1,1,1,1,1
13:30.5,0xFF02,212,0,1,0,0,0,0,0,0,1,1,1,1,1,1,1,1
13:30.5,0xFF02,213,0,1,0,0,0,0,0,0,1,1,1,1,1,1,1,1
13:30.6,0xFF02,214,0,1,0,0,0,0,0,0,1,1,1,1,1,1,1,1
13:30.6,0xFF02,215,0,1,0,0,0,0,0,0,1,1,1,1,1,1,1,1
13:30.6,0xFF02,216,0,1,0,0,0,0,0,0,1,1,1,1,1,1,1,1
13:30.6,0xFF02,217,0,1,0,0,0,0,0,0,1,1,1,1,1,1,1,1
13:30.6,0xFF02,218,0,1,0,0,0,0,0,0,1,1,1,1,1,1,1,1
13:30.6,0xFF02,219,0,1,0,0,0,0,0,0,1,1,1,1,1,1,1,1
13:30.6,0xFF02,220,0,1,0,0,0,0,0,0,1,1,1,1,1,1,1,1
13:30.6,0xFF02,221,0,1,0,0,0,0,0,0,1,1,1,1,1,1,1,1
13:30.6,0xFF02,222,0,1,0,0,0,0,0,0,1,1,1,1,1,1,1,1
13:30.6,0xFF02,223,0,1,0,0,0,0,0,0,1,1,1,1,1,1,1,1
13:30.7,0xFF02,224,0,1,0,0,0,0,0,0,1,1,1,1,1,1,1,1
13:30.7,0xFF03,225,1,1,0,0,0,0,0,0,1,1,1,1,1,1,1,1
13:30.7,0xFF03,226,1,1,0,0,0,0,0,0,1,1,1,1,1,1,1,1
13:30.7,0xFF03,227,1,1,0,0,0,0,0,0,1,1,1,1,1,1,1,1
13:30.7,0xFF03,228,1,1,0,0,0,0,0,0,1,1,1,1,1,1,1,1
13:30.7,0xFF03,229,1,1,0,0,0,0,0,0,1,1,1,1,1,1,1,1
13:30.7,0xFF03,230,1,1,0,0,0,0,0,0,1,1,1,1,1,1,1,1
13:30.7,0xFF03,231,1,1,0,0,0,0,0,0,1,1,1,1,1,1,1,1
13:30.7,0xFF03,232,1,1,0,0,0,0,0,0,1,1,1,1,1,1,1,1
13:30.7,0xFF03,233,1,1,0,0,0,0,0,0,1,1,1,1,1,1,1,1
13:30.8,0xFF03,234,1,1,0,0,0,0,0,0,1,1,1,1,1,1,1,1
13:30.8,0xFF03,235,1,1,0,0,0,0,0,0,1,1,1,1,1,1,1,1
13:30.8,0xFF03,236,1,1,0,0,0,0,0,0,1,1,1,1,1,1,1,1
13:30.8,0xFF03,237,1,1,0,0,0,0,0,0,1,1,1,1,1,1,1,1
13:30.8,0xFF03,238,1,1,0,0,0,0,0,0,1,1,1,1,1,1,1,1
13:30.8,0xFF03,239,1,1,0,0,0,0,0,0,1,1,1,1,1,1,1,1
13:30.8,0xFF02,240,0,1,0,0,0,0,0,0,1,1,1,1,1,1,1,1
13:30.8,0xFF02,241,0,1,0,0,0,0,0,0,1,1,1,1,1,1,1,1
13:30.8,0xFF02,242,0,1,0,0,0,0,0,0,1,1,1,1,1,1,1,1
13:30.8,0xFF02,243,0,1,0,0,0,0,0,0,1,1,1,1,1,1,1,1
13:30.9,0xFF02,244,0,1,0,0,0,0,0,0,1,1,1,1,1,1,1,1
13:30.9,0xFF02,245,0,1,0,0,0,0,0,0,1,1,1,1,1,1,1,1
13:30.9,0xFF02,246,0,1,0,0,0,0,0,0,1,1,1,1,1,1,1,1
13:30.9,0xFF02,247,0,1,0,0,0,0,0,0,1,1,1,1,1,1,1,1
13:30.9,0xFF02,248,0,1,0,0,0,0,0,0,1,1,1,1,1,1,1,1
13:30.9,0xFF02,249,0,1,0,0,0,0,0,0,1,1,1,1,1,1,1,1
13:30.9,0xFF02,250,0,1,0,0,0,0,0,0,1,1,1,1,1,1,1,1
13:30.9,0xFF02,251,0,1,0,0,0,0,0,0,1,1,1,1,1,1,1,1
13:30.9,0xFF02,252,0,1,0,0,0,0,0,0,1,1,1,1,1,1,1,1
13:30.9,0xFF02,253,0,1,0,0,0,0,0,0,1,1,1,1,1,1,1,1
13:31.0,0xFF02,254,0,1,0,0,0,0,0,0,1,1,1,1,1,1,1,1
13:31.0,0xFF03,255,1,1,0,0,0,0,0,0,1,1,1,1,1,1,1,1
13:31.0,0xFF03,256,1,1,0,0,0,0,0,0,1,1,1,1,1,1,1,1
13:31.0,0xFF03,257,1,1,0,0,0,0,0,0,1,1,1,1,1,1,1,1
13:31.0,0xFF03,258,1,1,0,0,0,0,0,0,1,1,1,1,1,1,1,1
13:31.0,0xFF03,259,1,1,0,0,0,0,0,0,1,1,1,1,1,1,1,1
13:31.0,0xFF03,260,1,1,0,0,0,0,0,0,1,1,1,1,1,1,1,1
13:31.0,0xFF03,261,1,1,0,0,0,0,0,0,1,1,1,1,1,1,1,1
13:31.0,0xFF03,262,1,1,0,0,0,0,0,0,1,1,1,1,1,1,1,1
13:31.1,0xFF03,263,1,1,0,0,0,0,0,0,1,1,1,1,1,1,1,1
13:31.1,0xFF03,264,1,1,0,0,0,0,0,0,1,1,1,1,1,1,1,1
13:31.1,0xFF03,265,1,1,0,0,0,0,0,0,1,1,1,1,1,1,1,1
13:31.1,0xFF03,266,1,1,0,0,0,0,0,0,1,1,1,1,1,1,1,1
13:31.1,0xFF03,267,1,1,0,0,0,0,0,0,1,1,1,1,1,1,1,1
13:31.1,0xFF03,268,1,1,0,0,0,0,0,0,1,1,1,1,1,1,1,1
13:31.1,0xFF02,269,0,1,0,0,0,0,0,0,1,1,1,1,1,1,1,1
13:31.1,0xFF02,270,0,1,0,0,0,0,0,0,1,1,1,1,1,1,1,1
13:31.1,0xFF02,271,0,1,0,0,0,0,0,0,1,1,1,1,1,1,1,1
13:31.1,0xFF02,272,0,1,0,0,0,0,0,0,1,1,1,1,1,1,1,1
13:31.2,0xFF02,273,0,1,0,0,0,0,0,0,1,1,1,1,1,1,1,1
13:31.2,0xFF02,274,0,1,0,0,0,0,0,0,1,1,1,1,1,1,1,1
13:31.2,0xFF02,275,0,1,0,0,0,0,0,0,1,1,1,1,1,1,1,1
13:31.2,0xFF02,276,0,1,0,0,0,0,0,0,1,1,1,1,1,1,1,1
13:31.2,0xFF02,277,0,1,0,0,0,0,0,0,1,1,1,1,1,1,1,1
13:31.2,0xFF02,278,0,1,0,0,0,0,0,0,1,1,1,1,1,1,1,1
13:31.2,0xFF02,279,0,1,0,0,0,0,0,0,1,1,1,1,1,1,1,1
13:31.2,0xFF02,280,0,1,0,0,0,0,0,0,1,1,1,1,1,1,1,1
13:31.2,0xFF02,281,0,1,0,0,0,0,0,0,1,1,1,1,1,1,1,1
13:31.2,0xFF02,282,0,1,0,0,0,0,0,0,1,1,1,1,1,1,1,1
13:31.3,0xFF02,283,0,1,0,0,0,0,0,0,1,1,1,1,1,1,1,1
13:31.3,0xFF03,284,1,1,0,0,0,0,0,0,1,1,1,1,1,1,1,1
13:31.3,0xFF03,285,1,1,0,0,0,0,0,0,1,1,1,1,1,1,1,1
13:31.3,0xFF03,286,1,1,0,0,0,0,0,0,1,1,1,1,1,1,1,1
13:31.3,0xFF03,287,1,1,0,0,0,0,0,0,1,1,1,1,1,1,1,1
13:31.3,0xFF03,288,1,1,0,0,0,0,0,0,1,1,1,1,1,1,1,1
13:31.3,0xFF03,289,1,1,0,0,0,0,0,0,1,1,1,1,1,1,1,1
13:31.3,0xFF03,290,1,1,0,0,0,0,0,0,1,1,1,1,1,1,1,1
13:31.3,0xFF03,291,1,1,0,0,0,0,0,0,1,1,1,1,1,1,1,1
13:31.3,0xFF03,292,1,1,0,0,0,0,0,0,1,1,1,1,1,1,1,1
13:31.4,0xFF03,293,1,1,0,0,0,0,0,0,1,1,1,1,1,1,1,1
13:31.4,0xFF03,294,1,1,0,0,0,0,0,0,1,1,1,1,1,1,1,1
13:31.4,0xFF03,295,1,1,0,0,0,0,0,0,1,1,1,1,1,1,1,1
13:31.4,0xFF03,296,1,1,0,0,0,0,0,0,1,1,1,1,1,1,1,1
13:31.4,0xFF03,297,1,1,0,0,0,0,0,0,1,1,1,1,1,1,1,1
13:31.4,0xFF03,298,1,1,0,0,0,0,0,0,1,1,1,1,1,1,1,1
13:31.4,0xFF02,299,0,1,0,0,0,0,0,0,1,1,1,1,1,1,1,1
13:31.4,0xFF02,300,0,1,0,0,0,0,0,0,1,1,1,1,1,1,1,1
13:31.4,0xFF02,301,0,1,0,0,0,0,0,0,1,1,1,1,1,1,1,1
13:31.4,0xFF02,302,0,1,0,0,0,0,0,0,1,1,1,1,1,1,1,1
13:31.5,0xFF02,303,0,1,0,0,0,0,0,0,1,1,1,1,1,1,1,1
13:31.5,0xFF02,304,0,1,0,0,0,0,0,0,1,1,1,1,1,1,1,1
13:31.5,0xFF02,305,0,1,0,0,0,0,0,0,1,1,1,1,1,1,1,1
13:31.5,0xFF02,306,0,1,0,0,0,0,0,0,1,1,1,1,1,1,1,1
13:31.5,0xFF02,307,0,1,0,0,0,0,0,0,1,1,1,1,1,1,1,1
13:31.5,0xFF02,308,0,1,0,0,0,0,0,0,1,1,1,1,1,1,1,1
13:31.5,0xFF02,309,0,1,0,0,0,0,0,0,1,1,1,1,1,1,1,1
13:31.5,0xFF02,310,0,1,0,0,0,0,0,0,1,1,1,1,1,1,1,1
13:31.5,0xFF02,311,0,1,0,0,0,0,0,0,1,1,1,1,1,1,1,1
13:31.5,0xFF02,312,0,1,0,0,0,0,0,0,1,1,1,1,1,1,1,1
13:31.6,0xFF02,313,0,1,0,0,0,0,0,0,1,1,1,1,1,1,1,1
13:31.6,0xFF03,314,1,1,0,0,0,0,0,0,1,1,1,1,1,1,1,1
13:31.6,0xFF03,315,1,1,0,0,0,0,0,0,1,1,1,1,1,1,1,1
13:31.6,0xFF03,316,1,1,0,0,0,0,0,0,1,1,1,1,1,1,1,1
13:31.6,0xFF03,317,1,1,0,0,0,0,0,0,1,1,1,1,1,1,1,1
13:31.6,0xFF03,318,1,1,0,0,0,0,0,0,1,1,1,1,1,1,1,1
13:31.6,0xFF03,319,1,1,0,0,0,0,0,0,1,1,1,1,1,1,1,1
13:31.6,0xFF03,320,1,1,0,0,0,0,0,0,1,1,1,1,1,1,1,1
13:31.6,0xFF03,321,1,1,0,0,0,0,0,0,1,1,1,1,1,1,1,1
13:31.6,0xFF03,322,1,1,0,0,0,0,0,0,1,1,1,1,1,1,1,1
13:31.7,0xFF03,323,1,1,0,0,0,0,0,0,1,1,1,1,1,1,1,1
13:31.7,0xFF03,324,1,1,0,0,0,0,0,0,1,1,1,1,1,1,1,1
13:31.7,0xFF03,325,1,1,0,0,0,0,0,0,1,1,1,1,1,1,1,1
13:31.7,0xFF03,326,1,1,0,0,0,0,0,0,1,1,1,1,1,1,1,1
13:31.7,0xFF03,327,1,1,0,0,0,0,0,0,1,1,1,1,1,1,1,1
13:31.7,0xFF03,328,1,1,0,0,0,0,0,0,1,1,1,1,1,1,1,1
13:31.7,0xFF03,329,1,1,0,0,0,0,0,0,1,1,1,1,1,1,1,1
13:31.7,0xFF02,330,0,1,0,0,0,0,0,0,1,1,1,1,1,1,1,1
13:31.7,0xFF02,331,0,1,0,0,0,0,0,0,1,1,1,1,1,1,1,1
13:31.7,0xFF02,332,0,1,0,0,0,0,0,0,1,1,1,1,1,1,1,1
13:31.8,0xFF02,333,0,1,0,0,0,0,0,0,1,1,1,1,1,1,1,1
13:31.8,0xFF02,334,0,1,0,0,0,0,0,0,1,1,1,1,1,1,1,1
13:31.8,0xFF02,335,0,1,0,0,0,0,0,0,1,1,1,1,1,1,1,1
13:31.8,0xFF02,336,0,1,0,0,0,0,0,0,1,1,1,1,1,1,1,1
13:31.8,0xFF02,337,0,1,0,0,0,0,0,0,1,1,1,1,1,1,1,1
13:31.8,0xFF02,338,0,1,0,0,0,0,0,0,1,1,1,1,1,1,1,1
13:31.8,0xFF02,339,0,1,0,0,0,0,0,0,1,1,1,1,1,1,1,1
13:31.8,0xFF02,340,0,1,0,0,0,0,0,0,1,1,1,1,1,1,1,1
13:31.8,0xFF02,341,0,1,0,0,0,0,0,0,1,1,1,1,1,1,1,1
13:31.8,0xFF02,342,0,1,0,0,0,0,0,0,1,1,1,1,1,1,1,1
13:31.9,0xFF02,343,0,1,0,0,0,0,0,0,1,1,1,1,1,1,1,1
13:31.9,0xFF03,344,1,1,0,0,0,0,0,0,1,1,1,1,1,1,1,1
13:31.9,0xFF03,345,1,1,0,0,0,0,0,0,1,1,1,1,1,1,1,1
13:31.9,0xFF03,346,1,1,0,0,0,0,0,0,1,1,1,1,1,1,1,1
13:31.9,0xFF03,347,1,1,0,0,0,0,0,0,1,1,1,1,1,1,1,1
13:31.9,0xFF03,348,1,1,0,0,0,0,0,0,1,1,1,1,1,1,1,1
13:31.9,0xFF03,349,1,1,0,0,0,0,0,0,1,1,1,1,1,1,1,1
13:31.9,0xFF03,350,1,1,0,0,0,0,0,0,1,1,1,1,1,1,1,1
13:31.9,0xFF03,351,1,1,0,0,0,0,0,0,1,1,1,1,1,1,1,1
13:31.9,0xFF03,352,1,1,0,0,0,0,0,0,1,1,1,1,1,1,1,1
13:32.0,0xFF03,353,1,1,0,0,0,0,0,0,1,1,1,1,1,1,1,1
13:32.0,0xFF03,354,1,1,0,0,0,0,0,0,1,1,1,1,1,1,1,1
13:32.0,0xFF03,355,1,1,0,0,0,0,0,0,1,1,1,1,1,1,1,1
13:32.0,0xFF03,356,1,1,0,0,0,0,0,0,1,1,1,1,1,1,1,1
13:32.0,0xFF03,357,1,1,0,0,0,0,0,0,1,1,1,1,1,1,1,1
13:32.0,0xFF03,358,1,1,0,0,0,0,0,0,1,1,1,1,1,1,1,1
13:32.0,0xFF02,359,0,1,0,0,0,0,0,0,1,1,1,1,1,1,1,1
13:32.0,0xFF02,360,0,1,0,0,0,0,0,0,1,1,1,1,1,1,1,1
13:32.0,0xFF02,361,0,1,0,0,0,0,0,0,1,1,1,1,1,1,1,1
13:32.1,0xFF02,362,0,1,0,0,0,0,0,0,1,1,1,1,1,1,1,1
13:32.1,0xFF02,363,0,1,0,0,0,0,0,0,1,1,1,1,1,1,1,1
13:32.1,0xFF02,364,0,1,0,0,0,0,0,0,1,1,1,1,1,1,1,1
13:32.1,0xFF02,365,0,1,0,0,0,0,0,0,1,1,1,1,1,1,1,1
13:32.1,0xFF02,366,0,1,0,0,0,0,0,0,1,1,1,1,1,1,1,1
13:32.1,0xFF02,367,0,1,0,0,0,0,0,0,1,1,1,1,1,1,1,1
13:32.1,0xFF02,368,0,1,0,0,0,0,0,0,1,1,1,1,1,1,1,1
13:32.1,0xFF02,369,0,1,0,0,0,0,0,0,1,1,1,1,1,1,1,1
13:32.1,0xFF02,370,0,1,0,0,0,0,0,0,1,1,1,1,1,1,1,1
13:32.1,0xFF02,371,0,1,0,0,0,0,0,0,1,1,1,1,1,1,1,1
13:32.2,0xFF02,372,0,1,0,0,0,0,0,0,1,1,1,1,1,1,1,1
13:32.2,0xFF03,373,1,1,0,0,0,0,0,0,1,1,1,1,1,1,1,1
13:32.2,0xFF03,374,1,1,0,0,0,0,0,0,1,1,1,1,1,1,1,1
13:32.2,0xFF03,375,1,1,0,0,0,0,0,0,1,1,1,1,1,1,1,1
13:32.2,0xFF03,376,1,1,0,0,0,0,0,0,1,1,1,1,1,1,1,1
13:32.2,0xFF03,377,1,1,0,0,0,0,0,0,1,1,1,1,1,1,1,1
13:32.2,0xFF03,378,1,1,0,0,0,0,0,0,1,1,1,1,1,1,1,1
13:32.2,0xFF03,379,1,1,0,0,0,0,0,0,1,1,1,1,1,1,1,1
13:32.2,0xFF03,380,1,1,0,0,0,0,0,0,1,1,1,1,1,1,1,1
13:32.2,0xFF03,381,1,1,0,0,0,0,0,0,1,1,1,1,1,1,1,1
13:32.3,0xFF03,382,1,1,0,0,0,0,0,0,1,1,1,1,1,1,1,1
13:32.3,0xFF03,383,1,1,0,0,0,0,0,0,1,1,1,1,1,1,1,1
13:32.3,0xFF03,384,1,1,0,0,0,0,0,0,1,1,1,1,1,1,1,1
13:32.3,0xFF03,385,1,1,0,0,0,0,0,0,1,1,1,1,1,1,1,1
13:32.3,0xFF03,386,1,1,0,0,0,0,0,0,1,1,1,1,1,1,1,1
13:32.3,0xFF03,387,1,1,0,0,0,0,0,0,1,1,1,1,1,1,1,1
13:32.3,0xFF03,388,1,1,0,0,0,0,0,0,1,1,1,1,1,1,1,1
13:32.3,0xFF02,389,0,1,0,0,0,0,0,0,1,1,1,1,1,1,1,1
13:32.3,0xFF02,390,0,1,0,0,0,0,0,0,1,1,1,1,1,1,1,1
13:32.3,0xFF02,391,0,1,0,0,0,0,0,0,1,1,1,1,1,1,1,1
13:32.4,0xFF02,392,0,1,0,0,0,0,0,0,1,1,1,1,1,1,1,1
13:32.4,0xFF02,393,0,1,0,0,0,0,0,0,1,1,1,1,1,1,1,1
13:32.4,0xFF02,394,0,1,0,0,0,0,0,0,1,1,1,1,1,1,1,1
13:32.4,0xFF02,395,0,1,0,0,0,0,0,0,1,1,1,1,1,1,1,1
13:32.4,0xFF02,396,0,1,0,0,0,0,0,0,1,1,1,1,1,1,1,1
13:32.4,0xFF02,397,0,1,0,0,0,0,0,0,1,1,1,1,1,1,1,1
13:32.4,0xFF02,398,0,1,0,0,0,0,0,0,1,1,1,1,1,1,1,1
13:32.4,0xFF02,399,0,1,0,0,0,0,0,0,1,1,1,1,1,1,1,1
13:32.4,0xFF02,400,0,1,0,0,0,0,0,0,1,1,1,1,1,1,1,1
13:32.4,0xFF02,401,0,1,0,0,0,0,0,0,1,1,1,1,1,1,1,1
13:32.5,0xFF02,402,0,1,0,0,0,0,0,0,1,1,1,1,1,1,1,1
13:32.5,0xFF03,403,1,1,0,0,0,0,0,0,1,1,1,1,1,1,1,1
13:32.5,0xFF03,404,1,1,0,0,0,0,0,0,1,1,1,1,1,1,1,1
13:32.5,0xFF03,405,1,1,0,0,0,0,0,0,1,1,1,1,1,1,1,1
13:32.5,0xFF03,406,1,1,0,0,0,0,0,0,1,1,1,1,1,1,1,1
13:32.5,0xFF03,407,1,1,0,0,0,0,0,0,1,1,1,1,1,1,1,1
13:32.5,0xFF03,408,1,1,0,0,0,0,0,0,1,1,1,1,1,1,1,1
13:32.5,0xFF03,409,1,1,0,0,0,0,0,0,1,1,1,1,1,1,1,1
13:32.5,0xFF03,410,1,1,0,0,0,0,0,0,1,1,1,1,1,1,1,1
13:32.5,0xFF03,411,1,1,0,0,0,0,0,0,1,1,1,1,1,1,1,1
13:32.6,0xFF03,412,1,1,0,0,0,0,0,0,1,1,1,1,1,1,1,1
13:32.6,0xFF03,413,1,1,0,0,0,0,0,0,1,1,1,1,1,1,1,1
13:32.6,0xFF03,414,1,1,0,0,0,0,0,0,1,1,1,1,1,1,1,1
13:32.6,0xFF03,415,1,1,0,0,0,0,0,0,1,1,1,1,1,1,1,1
13:32.6,0xFF03,416,1,1,0,0,0,0,0,0,1,1,1,1,1,1,1,1
13:32.6,0xFF03,417,1,1,0,0,0,0,0,0,1,1,1,1,1,1,1,1
13:32.6,0xFF02,418,0,1,0,0,0,0,0,0,1,1,1,1,1,1,1,1
13:32.6,0xFF02,419,0,1,0,0,0,0,0,0,1,1,1,1,1,1,1,1
13:32.6,0xFF02,420,0,1,0,0,0,0,0,0,1,1,1,1,1,1,1,1
13:32.6,0xFF02,421,0,1,0,0,0,0,0,0,1,1,1,1,1,1,1,1
13:32.7,0xFF02,422,0,1,0,0,0,0,0,0,1,1,1,1,1,1,1,1
13:32.7,0xFF02,423,0,1,0,0,0,0,0,0,1,1,1,1,1,1,1,1
13:32.7,0xFF02,424,0,1,0,0,0,0,0,0,1,1,1,1,1,1,1,1
13:32.7,0xFF02,425,0,1,0,0,0,0,0,0,1,1,1,1,1,1,1,1
13:32.7,0xFF02,426,0,1,0,0,0,0,0,0,1,1,1,1,1,1,1,1
13:32.7,0xFF02,427,0,1,0,0,0,0,0,0,1,1,1,1,1,1,1,1
13:32.7,0xFF02,428,0,1,0,0,0,0,0,0,1,1,1,1,1,1,1,1
13:32.7,0xFF02,429,0,1,0,0,0,0,0,0,1,1,1,1,1,1,1,1
13:32.7,0xFF02,430,0,1,0,0,0,0,0,0,1,1,1,1,1,1,1,1
13:32.7,0xFF02,431,0,1,0,0,0,0,0,0,1,1,1,1,1,1,1,1
13:32.8,0xFF02,432,0,1,0,0,0,0,0,0,1,1,1,1,1,1,1,1
13:32.8,0xFF03,433,1,1,0,0,0,0,0,0,1,1,1,1,1,1,1,1
13:32.8,0xFF03,434,1,1,0,0,0,0,0,0,1,1,1,1,1,1,1,1
13:32.8,0xFF03,435,1,1,0,0,0,0,0,0,1,1,1,1,1,1,1,1
13:32.8,0xFF03,436,1,1,0,0,0,0,0,0,1,1,1,1,1,1,1,1
13:32.8,0xFF03,437,1,1,0,0,0,0,0,0,1,1,1,1,1,1,1,1
13:32.8,0xFF03,438,1,1,0,0,0,0,0,0,1,1,1,1,1,1,1,1
13:32.8,0xFF03,439,1,1,0,0,0,0,0,0,1,1,1,1,1,1,1,1
13:32.8,0xFF03,440,1,1,0,0,0,0,0,0,1,1,1,1,1,1,1,1
13:32.8,0xFF03,441,1,1,0,0,0,0,0,0,1,1,1,1,1,1,1,1
13:32.8,0xFF03,442,1,1,0,0,0,0,0,0,1,1,1,1,1,1,1,1
13:32.9,0xFF03,443,1,1,0,0,0,0,0,0,1,1,1,1,1,1,1,1
13:32.9,0xFF03,444,1,1,0,0,0,0,0,0,1,1,1,1,1,1,1,1
13:32.9,0xFF03,445,1,1,0,0,0,0,0,0,1,1,1,1,1,1,1,1
13:32.9,0xFF03,446,1,1,0,0,0,0,0,0,1,1,1,1,1,1,1,1
13:32.9,0xFF03,447,1,1,0,0,0,0,0,0,1,1,1,1,1,1,1,1
13:32.9,0xFF03,448,1,1,0,0,0,0,0,0,1,1,1,1,1,1,1,1
13:32.9,0xFF02,449,0,1,0,0,0,0,0,0,1,1,1,1,1,1,1,1
13:32.9,0xFF02,450,0,1,0,0,0,0,0,0,1,1,1,1,1,1,1,1
13:32.9,0xFF02,451,0,1,0,0,0,0,0,0,1,1,1,1,1,1,1,1
13:33.0,0xFF02,452,0,1,0,0,0,0,0,0,1,1,1,1,1,1,1,1
13:33.0,0xFF02,453,0,1,0,0,0,0,0,0,1,1,1,1,1,1,1,1
13:33.0,0xFF02,454,0,1,0,0,0,0,0,0,1,1,1,1,1,1,1,1
13:33.0,0xFF02,455,0,1,0,0,0,0,0,0,1,1,1,1,1,1,1,1
13:33.0,0xFF02,456,0,1,0,0,0,0,0,0,1,1,1,1,1,1,1,1
13:33.0,0xFF02,457,0,1,0,0,0,0,0,0,1,1,1,1,1,1,1,1
13:33.0,0xFF02,458,0,1,0,0,0,0,0,0,1,1,1,1,1,1,1,1
13:33.0,0xFF02,459,0,1,0,0,0,0,0,0,1,1,1,1,1,1,1,1
13:33.0,0xFF02,460,0,1,0,0,0,0,0,0,1,1,1,1,1,1,1,1
13:33.1,0xFF02,461,0,1,0,0,0,0,0,0,1,1,1,1,1,1,1,1
13:33.1,0xFF02,462,0,1,0,0,0,0,0,0,1,1,1,1,1,1,1,1
13:33.1,0xFF03,463,1,1,0,0,0,0,0,0,1,1,1,1,1,1,1,1
13:33.1,0xFF03,464,1,1,0,0,0,0,0,0,1,1,1,1,1,1,1,1
13:33.1,0xFF03,465,1,1,0,0,0,0,0,0,1,1,1,1,1,1,1,1
13:33.1,0xFF03,466,1,1,0,0,0,0,0,0,1,1,1,1,1,1,1,1
13:33.1,0xFF03,467,1,1,0,0,0,0,0,0,1,1,1,1,1,1,1,1
13:33.1,0xFF03,468,1,1,0,0,0,0,0,0,1,1,1,1,1,1,1,1
13:33.1,0xFF03,469,1,1,0,0,0,0,0,0,1,1,1,1,1,1,1,1
13:33.1,0xFF03,470,1,1,0,0,0,0,0,0,1,1,1,1,1,1,1,1
13:33.1,0xFF03,471,1,1,0,0,0,0,0,0,1,1,1,1,1,1,1,1
13:33.2,0xFF03,472,1,1,0,0,0,0,0,0,1,1,1,1,1,1,1,1
13:33.2,0xFF03,473,1,1,0,0,0,0,0,0,1,1,1,1,1,1,1,1
13:33.2,0xFF03,474,1,1,0,0,0,0,0,0,1,1,1,1,1,1,1,1
13:33.2,0xFF03,475,1,1,0,0,0,0,0,0,1,1,1,1,1,1,1,1
13:33.2,0xFF03,476,1,1,0,0,0,0,0,0,1,1,1,1,1,1,1,1
13:33.2,0xFF02,477,0,1,0,0,0,0,0,0,1,1,1,1,1,1,1,1
13:33.2,0xFF02,478,0,1,0,0,0,0,0,0,1,1,1,1,1,1,1,1
13:33.2,0xFF02,479,0,1,0,0,0,0,0,0,1,1,1,1,1,1,1,1
13:33.2,0xFF02,480,0,1,0,0,0,0,0,0,1,1,1,1,1,1,1,1
13:33.2,0xFF02,481,0,1,0,0,0,0,0,0,1,1,1,1,1,1,1,1
13:33.3,0xFF02,482,0,1,0,0,0,0,0,0,1,1,1,1,1,1,1,1
13:33.3,0xFF02,483,0,1,0,0,0,0,0,0,1,1,1,1,1,1,1,1
13:33.3,0xFF02,484,0,1,0,0,0,0,0,0,1,1,1,1,1,1,1,1
13:33.3,0xFF02,485,0,1,0,0,0,0,0,0,1,1,1,1,1,1,1,1
13:33.3,0xFF02,486,0,1,0,0,0,0,0,0,1,1,1,1,1,1,1,1
13:33.3,0xFF02,487,0,1,0,0,0,0,0,0,1,1,1,1,1,1,1,1
13:33.3,0xFF02,488,0,1,0,0,0,0,0,0,1,1,1,1,1,1,1,1
13:33.3,0xFF02,489,0,1,0,0,0,0,0,0,1,1,1,1,1,1,1,1
13:33.3,0xFF02,490,0,1,0,0,0,0,0,0,1,1,1,1,1,1,1,1
13:33.3,0xFF02,491,0,1,0,0,0,0,0,0,1,1,1,1,1,1,1,1
13:33.4,0xFF02,492,0,1,0,0,0,0,0,0,1,1,1,1,1,1,1,1
13:33.4,0xFF03,493,1,1,0,0,0,0,0,0,1,1,1,1,1,1,1,1
13:33.4,0xFF03,494,1,1,0,0,0,0,0,0,1,1,1,1,1,1,1,1
13:33.4,0xFF03,495,1,1,0,0,0,0,0,0,1,1,1,1,1,1,1,1
13:33.4,0xFF03,496,1,1,0,0,0,0,0,0,1,1,1,1,1,1,1,1
13:33.4,0xFF03,497,1,1,0,0,0,0,0,0,1,1,1,1,1,1,1,1
13:33.4,0xFF03,498,1,1,0,0,0,0,0,0,1,1,1,1,1,1,1,1
13:33.4,0xFF03,499,1,1,0,0,0,0,0,0,1,1,1,1,1,1,1,1
13:33.4,0xFF03,500,1,1,0,0,0,0,0,0,1,1,1,1,1,1,1,1
13:33.4,0xFF03,501,1,1,0,0,0,0,0,0,1,1,1,1,1,1,1,1
13:33.5,0xFF03,502,1,1,0,0,0,0,0,0,1,1,1,1,1,1,1,1
13:33.5,0xFF03,503,1,1,0,0,0,0,0,0,1,1,1,1,1,1,1,1
13:33.5,0xFF03,504,1,1,0,0,0,0,0,0,1,1,1,1,1,1,1,1
13:33.5,0xFF03,505,1,1,0,0,0,0,0,0,1,1,1,1,1,1,1,1
13:33.5,0xFF03,506,1,1,0,0,0,0,0,0,1,1,1,1,1,1,1,1
13:33.5,0xFF03,507,1,1,0,0,0,0,0,0,1,1,1,1,1,1,1,1
13:33.5,0xFF02,508,0,1,0,0,0,0,0,0,1,1,1,1,1,1,1,1
13:33.5,0xFF02,509,0,1,0,0,0,0,0,0,1,1,1,1,1,1,1,1
13:33.5,0xFF02,510,0,1,0,0,0,0,0,0,1,1,1,1,1,1,1,1
13:33.5,0xFF02,511,0,1,0,0,0,0,0,0,1,1,1,1,1,1,1,1
13:33.6,0xFF02,512,0,1,0,0,0,0,0,0,1,1,1,1,1,1,1,1
13:33.6,0xFF02,513,0,1,0,0,0,0,0,0,1,1,1,1,1,1,1,1
13:33.6,0xFF02,514,0,1,0,0,0,0,0,0,1,1,1,1,1,1,1,1
13:33.6,0xFF02,515,0,1,0,0,0,0,0,0,1,1,1,1,1,1,1,1
13:33.6,0xFF02,516,0,1,0,0,0,0,0,0,1,1,1,1,1,1,1,1
13:33.6,0xFF02,517,0,1,0,0,0,0,0,0,1,1,1,1,1,1,1,1
13:33.6,0xFF02,518,0,1,0,0,0,0,0,0,1,1,1,1,1,1,1,1
13:33.6,0xFF02,519,0,1,0,0,0,0,0,0,1,1,1,1,1,1,1,1
13:33.6,0xFF02,520,0,1,0,0,0,0,0,0,1,1,1,1,1,1,1,1
13:33.6,0xFF02,521,0,1,0,0,0,0,0,0,1,1,1,1,1,1,1,1
13:33.7,0xFF02,522,0,1,0,0,0,0,0,0,1,1,1,1,1,1,1,1
13:33.7,0xFF03,523,1,1,0,0,0,0,0,0,1,1,1,1,1,1,1,1
13:33.7,0xFF03,524,1,1,0,0,0,0,0,0,1,1,1,1,1,1,1,1
13:33.7,0xFF03,525,1,1,0,0,0,0,0,0,1,1,1,1,1,1,1,1
13:33.7,0xFF03,526,1,1,0,0,0,0,0,0,1,1,1,1,1,1,1,1
13:33.7,0xFF03,527,1,1,0,0,0,0,0,0,1,1,1,1,1,1,1,1
13:33.7,0xFF03,528,1,1,0,0,0,0,0,0,1,1,1,1,1,1,1,1
13:33.7,0xFF03,529,1,1,0,0,0,0,0,0,1,1,1,1,1,1,1,1
13:33.7,0xFF03,530,1,1,0,0,0,0,0,0,1,1,1,1,1,1,1,1
13:33.7,0xFF03,531,1,1,0,0,0,0,0,0,1,1,1,1,1,1,1,1
13:33.8,0xFF03,532,1,1,0,0,0,0,0,0,1,1,1,1,1,1,1,1
13:33.8,0xFF03,533,1,1,0,0,0,0,0,0,1,1,1,1,1,1,1,1
13:33.8,0xFF03,534,1,1,0,0,0,0,0,0,1,1,1,1,1,1,1,1
13:33.8,0xFF03,535,1,1,0,0,0,0,0,0,1,1,1,1,1,1,1,1
13:33.8,0xFF03,536,1,1,0,0,0,0,0,0,1,1,1,1,1,1,1,1
13:33.8,0xFF03,537,1,1,0,0,0,0,0,0,1,1,1,1,1,1,1,1
13:33.8,0xFF02,538,0,1,0,0,0,0,0,0,1,1,1,1,1,1,1,1
13:33.8,0xFF02,539,0,1,0,0,0,0,0,0,1,1,1,1,1,1,1,1
13:33.8,0xFF02,540,0,1,0,0,0,0,0,0,1,1,1,1,1,1,1,1
13:33.8,0xFF02,541,0,1,0,0,0,0,0,0,1,1,1,1,1,1,1,1
13:33.9,0xFF02,542,0,1,0,0,0,0,0,0,1,1,1,1,1,1,1,1
13:33.9,0xFF02,543,0,1,0,0,0,0,0,0,1,1,1,1,1,1,1,1
13:33.9,0xFF02,544,0,1,0,0,0,0,0,0,1,1,1,1,1,1,1,1
13:33.9,0xFF02,545,0,1,0,0,0,0,0,0,1,1,1,1,1,1,1,1
13:33.9,0xFF02,546,0,1,0,0,0,0,0,0,1,1,1,1,1,1,1,1
13:33.9,0xFF02,547,0,1,0,0,0,0,0,0,1,1,1,1,1,1,1,1
13:33.9,0xFF02,548,0,1,0,0,0,0,0,0,1,1,1,1,1,1,1,1
13:33.9,0xFF02,549,0,1,0,0,0,0,0,0,1,1,1,1,1,1,1,1
13:33.9,0xFF02,550,0,1,0,0,0,0,0,0,1,1,1,1,1,1,1,1
13:33.9,0xFF02,551,0,1,0,0,0,0,0,0,1,1,1,1,1,1,1,1
13:34.0,0xFF02,552,0,1,0,0,0,0,0,0,1,1,1,1,1,1,1,1
13:34.0,0xFF03,553,1,1,0,0,0,0,0,0,1,1,1,1,1,1,1,1
13:34.0,0xFF03,554,1,1,0,0,0,0,0,0,1,1,1,1,1,1,1,1
13:34.0,0xFF03,555,1,1,0,0,0,0,0,0,1,1,1,1,1,1,1,1
13:34.0,0xFF03,556,1,1,0,0,0,0,0,0,1,1,1,1,1,1,1,1
13:34.0,0xFF03,557,1,1,0,0,0,0,0,0,1,1,1,1,1,1,1,1
13:34.0,0xFF03,558,1,1,0,0,0,0,0,0,1,1,1,1,1,1,1,1
13:34.0,0xFF03,559,1,1,0,0,0,0,0,0,1,1,1,1,1,1,1,1
13:34.0,0xFF03,560,1,1,0,0,0,0,0,0,1,1,1,1,1,1,1,1
13:34.1,0xFF03,561,1,1,0,0,0,0,0,0,1,1,1,1,1,1,1,1
13:34.1,0xFF03,562,1,1,0,0,0,0,0,0,1,1,1,1,1,1,1,1
13:34.1,0xFF03,563,1,1,0,0,0,0,0,0,1,1,1,1,1,1,1,1
13:34.1,0xFF03,564,1,1,0,0,0,0,0,0,1,1,1,1,1,1,1,1
13:34.1,0xFF03,565,1,1,0,0,0,0,0,0,1,1,1,1,1,1,1,1
13:34.1,0xFF03,566,1,1,0,0,0,0,0,0,1,1,1,1,1,1,1,1
13:34.1,0xFF02,567,0,1,0,0,0,0,0,0,1,1,1,1,1,1,1,1
13:34.1,0xFF02,568,0,1,0,0,0,0,0,0,1,1,1,1,1,1,1,1
13:34.1,0xFF02,569,0,1,0,0,0,0,0,0,1,1,1,1,1,1,1,1
13:34.1,0xFF02,570,0,1,0,0,0,0,0,0,1,1,1,1,1,1,1,1
13:34.2,0xFF02,571,0,1,0,0,0,0,0,0,1,1,1,1,1,1,1,1
13:34.2,0xFF02,572,0,1,0,0,0,0,0,0,1,1,1,1,1,1,1,1
13:34.2,0xFF02,573,0,1,0,0,0,0,0,0,1,1,1,1,1,1,1,1
13:34.2,0xFF02,574,0,1,0,0,0,0,0,0,1,1,1,1,1,1,1,1
13:34.2,0xFF02,575,0,1,0,0,0,0,0,0,1,1,1,1,1,1,1,1
13:34.2,0xFF02,576,0,1,0,0,0,0,0,0,1,1,1,1,1,1,1,1
13:34.2,0xFF02,577,0,1,0,0,0,0,0,0,1,1,1,1,1,1,1,1
13:34.2,0xFF02,578,0,1,0,0,0,0,0,0,1,1,1,1,1,1,1,1
13:34.2,0xFF02,579,0,1,0,0,0,0,0,0,1,1,1,1,1,1,1,1
13:34.2,0xFF02,580,0,1,0,0,0,0,0,0,1,1,1,1,1,1,1,1
13:34.3,0xFF02,581,0,1,0,0,0,0,0,0,1,1,1,1,1,1,1,1
13:34.3,0xFF03,582,1,1,0,0,0,0,0,0,1,1,1,1,1,1,1,1
13:34.3,0xFF03,583,1,1,0,0,0,0,0,0,1,1,1,1,1,1,1,1
13:34.3,0xFF03,584,1,1,0,0,0,0,0,0,1,1,1,1,1,1,1,1
13:34.3,0xFF03,585,1,1,0,0,0,0,0,0,1,1,1,1,1,1,1,1
13:34.3,0xFF03,586,1,1,0,0,0,0,0,0,1,1,1,1,1,1,1,1
13:34.3,0xFF03,587,1,1,0,0,0,0,0,0,1,1,1,1,1,1,1,1
13:34.3,0xFF03,588,1,1,0,0,0,0,0,0,1,1,1,1,1,1,1,1
13:34.3,0xFF03,589,1,1,0,0,0,0,0,0,1,1,1,1,1,1,1,1
13:34.3,0xFF03,590,1,1,0,0,0,0,0,0,1,1,1,1,1,1,1,1
13:34.4,0xFF03,591,1,1,0,0,0,0,0,0,1,1,1,1,1,1,1,1
13:34.4,0xFF03,592,1,1,0,0,0,0,0,0,1,1,1,1,1,1,1,1
13:34.4,0xFF03,593,1,1,0,0,0,0,0,0,1,1,1,1,1,1,1,1
13:34.4,0xFF03,594,1,1,0,0,0,0,0,0,1,1,1,1,1,1,1,1
13:34.4,0xFF03,595,1,1,0,0,0,0,0,0,1,1,1,1,1,1,1,1
13:34.4,0xFF03,596,1,1,0,0,0,0,0,0,1,1,1,1,1,1,1,1
13:34.4,0xFF02,597,0,1,0,0,0,0,0,0,1,1,1,1,1,1,1,1
13:34.4,0xFF02,598,0,1,0,0,0,0,0,0,1,1,1,1,1,1,1,1
13:34.4,0xFF02,599,0,1,0,0,0,0,0,0,1,1,1,1,1,1,1,1
13:34.4,0xFF02,600,0,1,0,0,0,0,0,0,1,1,1,1,1,1,1,1
13:34.5,0xFF02,601,0,1,0,0,0,0,0,0,1,1,1,1,1,1,1,1
13:34.5,0xFF02,602,0,1,0,0,0,0,0,0,1,1,1,1,1,1,1,1
13:34.5,0xFF02,603,0,1,0,0,0,0,0,0,1,1,1,1,1,1,1,1
13:34.5,0xFF02,604,0,1,0,0,0,0,0,0,1,1,1,1,1,1,1,1
13:34.5,0xFF02,605,0,1,0,0,0,0,0,0,1,1,1,1,1,1,1,1
13:34.5,0xFF02,606,0,1,0,0,0,0,0,0,1,1,1,1,1,1,1,1
13:34.5,0xFF02,607,0,1,0,0,0,0,0,0,1,1,1,1,1,1,1,1
13:34.5,0xFF02,608,0,1,0,0,0,0,0,0,1,1,1,1,1,1,1,1
13:34.5,0xFF02,609,0,1,0,0,0,0,0,0,1,1,1,1,1,1,1,1
13:34.5,0xFF02,610,0,1,0,0,0,0,0,0,1,1,1,1,1,1,1,1
13:34.6,0xFF02,611,0,1,0,0,0,0,0,0,1,1,1,1,1,1,1,1
13:34.6,0xFF03,612,1,1,0,0,0,0,0,0,1,1,1,1,1,1,1,1
13:34.6,0xFF03,613,1,1,0,0,0,0,0,0,1,1,1,1,1,1,1,1
13:34.6,0xFF03,614,1,1,0,0,0,0,0,0,1,1,1,1,1,1,1,1
13:34.6,0xFF03,615,1,1,0,0,0,0,0,0,1,1,1,1,1,1,1,1
13:34.6,0xFF03,616,1,1,0,0,0,0,0,0,1,1,1,1,1,1,1,1
13:34.6,0xFF03,617,1,1,0,0,0,0,0,0,1,1,1,1,1,1,1,1
13:34.6,0xFF03,618,1,1,0,0,0,0,0,0,1,1,1,1,1,1,1,1
13:34.6,0xFF03,619,1,1,0,0,0,0,0,0,1,1,1,1,1,1,1,1
13:34.6,0xFF03,620,1,1,0,0,0,0,0,0,1,1,1,1,1,1,1,1
13:34.7,0xFF03,621,1,1,0,0,0,0,0,0,1,1,1,1,1,1,1,1
13:34.7,0xFF03,622,1,1,0,0,0,0,0,0,1,1,1,1,1,1,1,1
13:34.7,0xFF03,623,1,1,0,0,0,0,0,0,1,1,1,1,1,1,1,1
13:34.7,0xFF03,624,1,1,0,0,0,0,0,0,1,1,1,1,1,1,1,1
13:34.7,0xFF03,625,1,1,0,0,0,0,0,0,1,1,1,1,1,1,1,1
13:34.7,0xFF03,626,1,1,0,0,0,0,0,0,1,1,1,1,1,1,1,1
13:34.7,0xFF02,627,0,1,0,0,0,0,0,0,1,1,1,1,1,1,1,1
13:34.7,0xFF02,628,0,1,0,0,0,0,0,0,1,1,1,1,1,1,1,1
13:34.7,0xFF02,629,0,1,0,0,0,0,0,0,1,1,1,1,1,1,1,1
13:34.7,0xFF02,630,0,1,0,0,0,0,0,0,1,1,1,1,1,1,1,1
13:34.8,0xFF02,631,0,1,0,0,0,0,0,0,1,1,1,1,1,1,1,1
13:34.8,0xFF02,632,0,1,0,0,0,0,0,0,1,1,1,1,1,1,1,1
13:34.8,0xFF02,633,0,1,0,0,0,0,0,0,1,1,1,1,1,1,1,1
13:34.8,0xFF02,634,0,1,0,0,0,0,0,0,1,1,1,1,1,1,1,1
13:34.8,0xFF02,635,0,1,0,0,0,0,0,0,1,1,1,1,1,1,1,1
13:34.8,0xFF02,636,0,1,0,0,0,0,0,0,1,1,1,1,1,1,1,1
13:34.8,0xFF02,637,0,1,0,0,0,0,0,0,1,1,1,1,1,1,1,1
13:34.8,0xFF02,638,0,1,0,0,0,0,0,0,1,1,1,1,1,1,1,1
13:34.8,0xFF02,639,0,1,0,0,0,0,0,0,1,1,1,1,1,1,1,1
13:34.8,0xFF02,640,0,1,0,0,0,0,0,0,1,1,1,1,1,1,1,1
13:34.9,0xFF02,641,0,1,0,0,0,0,0,0,1,1,1,1,1,1,1,1
13:34.9,0xFF03,642,1,1,0,0,0,0,0,0,1,1,1,1,1,1,1,1
13:34.9,0xFF03,643,1,1,0,0,0,0,0,0,1,1,1,1,1,1,1,1
13:34.9,0xFF03,644,1,1,0,0,0,0,0,0,1,1,1,1,1,1,1,1
13:34.9,0xFF03,645,1,1,0,0,0,0,0,0,1,1,1,1,1,1,1,1
13:34.9,0xFF03,646,1,1,0,0,0,0,0,0,1,1,1,1,1,1,1,1
13:34.9,0xFF03,647,1,1,0,0,0,0,0,0,1,1,1,1,1,1,1,1
13:34.9,0xFF03,648,1,1,0,0,0,0,0,0,1,1,1,1,1,1,1,1
13:34.9,0xFF03,649,1,1,0,0,0,0,0,0,1,1,1,1,1,1,1,1
13:34.9,0xFF03,650,1,1,0,0,0,0,0,0,1,1,1,1,1,1,1,1
13:35.0,0xFF03,651,1,1,0,0,0,0,0,0,1,1,1,1,1,1,1,1
13:35.0,0xFF03,652,1,1,0,0,0,0,0,0,1,1,1,1,1,1,1,1
13:35.0,0xFF03,653,1,1,0,0,0,0,0,0,1,1,1,1,1,1,1,1
13:35.0,0xFF03,654,1,1,0,0,0,0,0,0,1,1,1,1,1,1,1,1
13:35.0,0xFF03,655,1,1,0,0,0,0,0,0,1,1,1,1,1,1,1,1
13:35.0,0xFF03,656,1,1,0,0,0,0,0,0,1,1,1,1,1,1,1,1
13:35.0,0xFF02,657,0,1,0,0,0,0,0,0,1,1,1,1,1,1,1,1
13:35.0,0xFF02,658,0,1,0,0,0,0,0,0,1,1,1,1,1,1,1,1
13:35.0,0xFF02,659,0,1,0,0,0,0,0,0,1,1,1,1,1,1,1,1
13:35.1,0xFF02,660,0,1,0,0,0,0,0,0,1,1,1,1,1,1,1,1
13:35.1,0xFF02,661,0,1,0,0,0,0,0,0,1,1,1,1,1,1,1,1
13:35.1,0xFF02,662,0,1,0,0,0,0,0,0,1,1,1,1,1,1,1,1
13:35.1,0xFF02,663,0,1,0,0,0,0,0,0,1,1,1,1,1,1,1,1
13:35.1,0xFF02,664,0,1,0,0,0,0,0,0,1,1,1,1,1,1,1,1
13:35.1,0xFF02,665,0,1,0,0,0,0,0,0,1,1,1,1,1,1,1,1
13:35.1,0xFF02,666,0,1,0,0,0,0,0,0,1,1,1,1,1,1,1,1
13:35.1,0xFF02,667,0,1,0,0,0,0,0,0,1,1,1,1,1,1,1,1
13:35.1,0xFF02,668,0,1,0,0,0,0,0,0,1,1,1,1,1,1,1,1
13:35.1,0xFF02,669,0,1,0,0,0,0,0,0,1,1,1,1,1,1,1,1
13:35.2,0xFF02,670,0,1,0,0,0,0,0,0,1,1,1,1,1,1,1,1
13:35.2,0xFF03,671,1,1,0,0,0,0,0,0,1,1,1,1,1,1,1,1
13:35.2,0xFF03,672,1,1,0,0,0,0,0,0,1,1,1,1,1,1,1,1
13:35.2,0xFF03,673,1,1,0,0,0,0,0,0,1,1,1,1,1,1,1,1
13:35.2,0xFF03,674,1,1,0,0,0,0,0,0,1,1,1,1,1,1,1,1
13:35.2,0xFF03,675,1,1,0,0,0,0,0,0,1,1,1,1,1,1,1,1
13:35.2,0xFF03,676,1,1,0,0,0,0,0,0,1,1,1,1,1,1,1,1
13:35.2,0xFF03,677,1,1,0,0,0,0,0,0,1,1,1,1,1,1,1,1
13:35.2,0xFF03,678,1,1,0,0,0,0,0,0,1,1,1,1,1,1,1,1
13:35.2,0xFF03,679,1,1,0,0,0,0,0,0,1,1,1,1,1,1,1,1
13:35.3,0xFF03,680,1,1,0,0,0,0,0,0,1,1,1,1,1,1,1,1
13:35.3,0xFF03,681,1,1,0,0,0,0,0,0,1,1,1,1,1,1,1,1
13:35.3,0xFF03,682,1,1,0,0,0,0,0,0,1,1,1,1,1,1,1,1
13:35.3,0xFF03,683,1,1,0,0,0,0,0,0,1,1,1,1,1,1,1,1
13:35.3,0xFF03,684,1,1,0,0,0,0,0,0,1,1,1,1,1,1,1,1
13:35.3,0xFF03,685,1,1,0,0,0,0,0,0,1,1,1,1,1,1,1,1
13:35.3,0xFF02,686,0,1,0,0,0,0,0,0,1,1,1,1,1,1,1,1
13:35.3,0xFF02,687,0,1,0,0,0,0,0,0,1,1,1,1,1,1,1,1
13:35.3,0xFF02,688,0,1,0,0,0,0,0,0,1,1,1,1,1,1,1,1
13:35.3,0xFF02,689,0,1,0,0,0,0,0,0,1,1,1,1,1,1,1,1
13:35.4,0xFF02,690,0,1,0,0,0,0,0,0,1,1,1,1,1,1,1,1
13:35.4,0xFF02,691,0,1,0,0,0,0,0,0,1,1,1,1,1,1,1,1
13:35.4,0xFF02,692,0,1,0,0,0,0,0,0,1,1,1,1,1,1,1,1
13:35.4,0xFF02,693,0,1,0,0,0,0,0,0,1,1,1,1,1,1,1,1
13:35.4,0xFF02,694,0,1,0,0,0,0,0,0,1,1,1,1,1,1,1,1
13:35.4,0xFF02,695,0,1,0,0,0,0,0,0,1,1,1,1,1,1,1,1
13:35.4,0xFF02,696,0,1,0,0,0,0,0,0,1,1,1,1,1,1,1,1
13:35.4,0xFF02,697,0,1,0,0,0,0,0,0,1,1,1,1,1,1,1,1
13:35.4,0xFF02,698,0,1,0,0,0,0,0,0,1,1,1,1,1,1,1,1
13:35.4,0xFF02,699,0,1,0,0,0,0,0,0,1,1,1,1,1,1,1,1
13:35.5,0xFF02,700,0,1,0,0,0,0,0,0,1,1,1,1,1,1,1,1
13:35.5,0xFF03,701,1,1,0,0,0,0,0,0,1,1,1,1,1,1,1,1
13:35.5,0xFF03,702,1,1,0,0,0,0,0,0,1,1,1,1,1,1,1,1
13:35.5,0xFF03,703,1,1,0,0,0,0,0,0,1,1,1,1,1,1,1,1
13:35.5,0xFF03,704,1,1,0,0,0,0,0,0,1,1,1,1,1,1,1,1
13:35.5,0xFF03,705,1,1,0,0,0,0,0,0,1,1,1,1,1,1,1,1
13:35.5,0xFF03,706,1,1,0,0,0,0,0,0,1,1,1,1,1,1,1,1
13:35.5,0xFF03,707,1,1,0,0,0,0,0,0,1,1,1,1,1,1,1,1
13:35.5,0xFF03,708,1,1,0,0,0,0,0,0,1,1,1,1,1,1,1,1
13:35.5,0xFF03,709,1,1,0,0,0,0,0,0,1,1,1,1,1,1,1,1
13:35.6,0xFF03,710,1,1,0,0,0,0,0,0,1,1,1,1,1,1,1,1
13:35.6,0xFF03,711,1,1,0,0,0,0,0,0,1,1,1,1,1,1,1,1
13:35.6,0xFF03,712,1,1,0,0,0,0,0,0,1,1,1,1,1,1,1,1
13:35.6,0xFF03,713,1,1,0,0,0,0,0,0,1,1,1,1,1,1,1,1
13:35.6,0xFF03,714,1,1,0,0,0,0,0,0,1,1,1,1,1,1,1,1
13:35.6,0xFF03,715,1,1,0,0,0,0,0,0,1,1,1,1,1,1,1,1
13:35.6,0xFF02,716,0,1,0,0,0,0,0,0,1,1,1,1,1,1,1,1
13:35.6,0xFF02,717,0,1,0,0,0,0,0,0,1,1,1,1,1,1,1,1
13:35.6,0xFF02,718,0,1,0,0,0,0,0,0,1,1,1,1,1,1,1,1
13:35.6,0xFF02,719,0,1,0,0,0,0,0,0,1,1,1,1,1,1,1,1
13:35.7,0xFF02,720,0,1,0,0,0,0,0,0,1,1,1,1,1,1,1,1
13:35.7,0xFF02,721,0,1,0,0,0,0,0,0,1,1,1,1,1,1,1,1
13:35.7,0xFF02,722,0,1,0,0,0,0,0,0,1,1,1,1,1,1,1,1
13:35.7,0xFF02,723,0,1,0,0,0,0,0,0,1,1,1,1,1,1,1,1
13:35.7,0xFF02,724,0,1,0,0,0,0,0,0,1,1,1,1,1,1,1,1
13:35.7,0xFF02,725,0,1,0,0,0,0,0,0,1,1,1,1,1,1,1,1
13:35.7,0xFF02,726,0,1,0,0,0,0,0,0,1,1,1,1,1,1,1,1
13:35.7,0xFF02,727,0,1,0,0,0,0,0,0,1,1,1,1,1,1,1,1
13:35.7,0xFF02,728,0,1,0,0,0,0,0,0,1,1,1,1,1,1,1,1
13:35.7,0xFF02,729,0,1,0,0,0,0,0,0,1,1,1,1,1,1,1,1
13:35.8,0xFF02,730,0,1,0,0,0,0,0,0,1,1,1,1,1,1,1,1
13:35.8,0xFF03,731,1,1,0,0,0,0,0,0,1,1,1,1,1,1,1,1
13:35.8,0xFF03,732,1,1,0,0,0,0,0,0,1,1,1,1,1,1,1,1
13:35.8,0xFF03,733,1,1,0,0,0,0,0,0,1,1,1,1,1,1,1,1
13:35.8,0xFF03,734,1,1,0,0,0,0,0,0,1,1,1,1,1,1,1,1
13:35.8,0xFF03,735,1,1,0,0,0,0,0,0,1,1,1,1,1,1,1,1
13:35.8,0xFF03,736,1,1,0,0,0,0,0,0,1,1,1,1,1,1,1,1
13:35.8,0xFF03,737,1,1,0,0,0,0,0,0,1,1,1,1,1,1,1,1
13:35.8,0xFF03,738,1,1,0,0,0,0,0,0,1,1,1,1,1,1,1,1
13:35.8,0xFF03,739,1,1,0,0,0,0,0,0,1,1,1,1,1,1,1,1
13:35.9,0xFF03,740,1,1,0,0,0,0,0,0,1,1,1,1,1,1,1,1
13:35.9,0xFF03,741,1,1,0,0,0,0,0,0,1,1,1,1,1,1,1,1
13:35.9,0xFF03,742,1,1,0,0,0,0,0,0,1,1,1,1,1,1,1,1
13:35.9,0xFF03,743,1,1,0,0,0,0,0,0,1,1,1,1,1,1,1,1
13:35.9,0xFF03,744,1,1,0,0,0,0,0,0,1,1,1,1,1,1,1,1
13:35.9,0xFF03,745,1,1,0,0,0,0,0,0,1,1,1,1,1,1,1,1
13:35.9,0xFF02,746,0,1,0,0,0,0,0,0,1,1,1,1,1,1,1,1
13:35.9,0xFF02,747,0,1,0,0,0,0,0,0,1,1,1,1,1,1,1,1
13:35.9,0xFF02,748,0,1,0,0,0,0,0,0,1,1,1,1,1,1,1,1
13:35.9,0xFF02,749,0,1,0,0,0,0,0,0,1,1,1,1,1,1,1,1
13:36.0,0xFF02,750,0,1,0,0,0,0,0,0,1,1,1,1,1,1,1,1
13:36.0,0xFF02,751,0,1,0,0,0,0,0,0,1,1,1,1,1,1,1,1
13:36.0,0xFF02,752,0,1,0,0,0,0,0,0,1,1,1,1,1,1,1,1
13:36.0,0xFF02,753,0,1,0,0,0,0,0,0,1,1,1,1,1,1,1,1
13:36.0,0xFF02,754,0,1,0,0,0,0,0,0,1,1,1,1,1,1,1,1
13:36.0,0xFF02,755,0,1,0,0,0,0,0,0,1,1,1,1,1,1,1,1
13:36.0,0xFF02,756,0,1,0,0,0,0,0,0,1,1,1,1,1,1,1,1
13:36.0,0xFF02,757,0,1,0,0,0,0,0,0,1,1,1,1,1,1,1,1
13:36.0,0xFF02,758,0,1,0,0,0,0,0,0,1,1,1,1,1,1,1,1
13:36.1,0xFF02,759,0,1,0,0,0,0,0,0,1,1,1,1,1,1,1,1
13:36.1,0xFF03,760,1,1,0,0,0,0,0,0,1,1,1,1,1,1,1,1
13:36.1,0xFF03,761,1,1,0,0,0,0,0,0,1,1,1,1,1,1,1,1
13:36.1,0xFF03,762,1,1,0,0,0,0,0,0,1,1,1,1,1,1,1,1
13:36.1,0xFF03,763,1,1,0,0,0,0,0,0,1,1,1,1,1,1,1,1
13:36.1,0xFF03,764,1,1,0,0,0,0,0,0,1,1,1,1,1,1,1,1
13:36.1,0xFF03,765,1,1,0,0,0,0,0,0,1,1,1,1,1,1,1,1
13:36.1,0xFF03,766,1,1,0,0,0,0,0,0,1,1,1,1,1,1,1,1
13:36.1,0xFF03,767,1,1,0,0,0,0,0,0,1,1,1,1,1,1,1,1
13:36.1,0xFF03,768,1,1,0,0,0,0,0,0,1,1,1,1,1,1,1,1
13:36.2,0xFF03,769,1,1,0,0,0,0,0,0,1,1,1,1,1,1,1,1
13:36.2,0xFF03,770,1,1,0,0,0,0,0,0,1,1,1,1,1,1,1,1
13:36.2,0xFF03,771,1,1,0,0,0,0,0,0,1,1,1,1,1,1,1,1
13:36.2,0xFF03,772,1,1,0,0,0,0,0,0,1,1,1,1,1,1,1,1
13:36.2,0xFF03,773,1,1,0,0,0,0,0,0,1,1,1,1,1,1,1,1
13:36.2,0xFF03,774,1,1,0,0,0,0,0,0,1,1,1,1,1,1,1,1
13:36.2,0xFF02,775,0,1,0,0,0,0,0,0,1,1,1,1,1,1,1,1
13:36.2,0xFF02,776,0,1,0,0,0,0,0,0,1,1,1,1,1,1,1,1
13:36.2,0xFF02,777,0,1,0,0,0,0,0,0,1,1,1,1,1,1,1,1
13:36.2,0xFF02,778,0,1,0,0,0,0,0,0,1,1,1,1,1,1,1,1
13:36.3,0xFF02,779,0,1,0,0,0,0,0,0,1,1,1,1,1,1,1,1
13:36.3,0xFF02,780,0,1,0,0,0,0,0,0,1,1,1,1,1,1,1,1
13:36.3,0xFF02,781,0,1,0,0,0,0,0,0,1,1,1,1,1,1,1,1
13:36.3,0xFF02,782,0,1,0,0,0,0,0,0,1,1,1,1,1,1,1,1
13:36.3,0xFF02,783,0,1,0,0,0,0,0,0,1,1,1,1,1,1,1,1
13:36.3,0xFF02,784,0,1,0,0,0,0,0,0,1,1,1,1,1,1,1,1
13:36.3,0xFF02,785,0,1,0,0,0,0,0,0,1,1,1,1,1,1,1,1
13:36.3,0xFF02,786,0,1,0,0,0,0,0,0,1,1,1,1,1,1,1,1
13:36.3,0xFF02,787,0,1,0,0,0,0,0,0,1,1,1,1,1,1,1,1
13:36.3,0xFF02,788,0,1,0,0,0,0,0,0,1,1,1,1,1,1,1,1
13:36.4,0xFF02,789,0,1,0,0,0,0,0,0,1,1,1,1,1,1,1,1
13:36.4,0xFF03,790,1,1,0,0,0,0,0,0,1,1,1,1,1,1,1,1
13:36.4,0xFF03,791,1,1,0,0,0,0,0,0,1,1,1,1,1,1,1,1
13:36.4,0xFF03,792,1,1,0,0,0,0,0,0,1,1,1,1,1,1,1,1
13:36.4,0xFF03,793,1,1,0,0,0,0,0,0,1,1,1,1,1,1,1,1
13:36.4,0xFF03,794,1,1,0,0,0,0,0,0,1,1,1,1,1,1,1,1
13:36.4,0xFF03,795,1,1,0,0,0,0,0,0,1,1,1,1,1,1,1,1
13:36.4,0xFF03,796,1,1,0,0,0,0,0,0,1,1,1,1,1,1,1,1
13:36.4,0xFF03,797,1,1,0,0,0,0,0,0,1,1,1,1,1,1,1,1
13:36.4,0xFF03,798,1,1,0,0,0,0,0,0,1,1,1,1,1,1,1,1
13:36.5,0xFF03,799,1,1,0,0,0,0,0,0,1,1,1,1,1,1,1,1
13:36.5,0xFF03,800,1,1,0,0,0,0,0,0,1,1,1,1,1,1,1,1
13:36.5,0xFF03,801,1,1,0,0,0,0,0,0,1,1,1,1,1,1,1,1
13:36.5,0xFF03,802,1,1,0,0,0,0,0,0,1,1,1,1,1,1,1,1
13:36.5,0xFF03,803,1,1,0,0,0,0,0,0,1,1,1,1,1,1,1,1
13:36.5,0xFF03,804,1,1,0,0,0,0,0,0,1,1,1,1,1,1,1,1
13:36.5,0xFF02,805,0,1,0,0,0,0,0,0,1,1,1,1,1,1,1,1
13:36.5,0xFF02,806,0,1,0,0,0,0,0,0,1,1,1,1,1,1,1,1
13:36.5,0xFF02,807,0,1,0,0,0,0,0,0,1,1,1,1,1,1,1,1
13:36.5,0xFF02,808,0,1,0,0,0,0,0,0,1,1,1,1,1,1,1,1
13:36.6,0xFF02,809,0,1,0,0,0,0,0,0,1,1,1,1,1,1,1,1
13:36.6,0xFF02,810,0,1,0,0,0,0,0,0,1,1,1,1,1,1,1,1
13:36.6,0xFF02,811,0,1,0,0,0,0,0,0,1,1,1,1,1,1,1,1
13:36.6,0xFF02,812,0,1,0,0,0,0,0,0,1,1,1,1,1,1,1,1
13:36.6,0xFF02,813,0,1,0,0,0,0,0,0,1,1,1,1,1,1,1,1
13:36.6,0xFF02,814,0,1,0,0,0,0,0,0,1,1,1,1,1,1,1,1
13:36.6,0xFF02,815,0,1,0,0,0,0,0,0,1,1,1,1,1,1,1,1
13:36.6,0xFF02,816,0,1,0,0,0,0,0,0,1,1,1,1,1,1,1,1
13:36.6,0xFF02,817,0,1,0,0,0,0,0,0,1,1,1,1,1,1,1,1
13:36.6,0xFF02,818,0,1,0,0,0,0,0,0,1,1,1,1,1,1,1,1
13:36.7,0xFF02,819,0,1,0,0,0,0,0,0,1,1,1,1,1,1,1,1
13:36.7,0xFF03,820,1,1,0,0,0,0,0,0,1,1,1,1,1,1,1,1
13:36.7,0xFF03,821,1,1,0,0,0,0,0,0,1,1,1,1,1,1,1,1
13:36.7,0xFF03,822,1,1,0,0,0,0,0,0,1,1,1,1,1,1,1,1
13:36.7,0xFF03,823,1,1,0,0,0,0,0,0,1,1,1,1,1,1,1,1
13:36.7,0xFF03,824,1,1,0,0,0,0,0,0,1,1,1,1,1,1,1,1
13:36.7,0xFF03,825,1,1,0,0,0,0,0,0,1,1,1,1,1,1,1,1
13:36.7,0xFF03,826,1,1,0,0,0,0,0,0,1,1,1,1,1,1,1,1
13:36.7,0xFF03,827,1,1,0,0,0,0,0,0,1,1,1,1,1,1,1,1
13:36.7,0xFF03,828,1,1,0,0,0,0,0,0,1,1,1,1,1,1,1,1
13:36.8,0xFF03,829,1,1,0,0,0,0,0,0,1,1,1,1,1,1,1,1
13:36.8,0xFF03,830,1,1,0,0,0,0,0,0,1,1,1,1,1,1,1,1
13:36.8,0xFF03,831,1,1,0,0,0,0,0,0,1,1,1,1,1,1,1,1
13:36.8,0xFF03,832,1,1,0,0,0,0,0,0,1,1,1,1,1,1,1,1
13:36.8,0xFF03,833,1,1,0,0,0,0,0,0,1,1,1,1,1,1,1,1
13:36.8,0xFF03,834,1,1,0,0,0,0,0,0,1,1,1,1,1,1,1,1
13:36.8,0xFF02,835,0,1,0,0,0,0,0,0,1,1,1,1,1,1,1,1
13:36.8,0xFF02,836,0,1,0,0,0,0,0,0,1,1,1,1,1,1,1,1
13:36.8,0xFF02,837,0,1,0,0,0,0,0,0,1,1,1,1,1,1,1,1
13:36.8,0xFF02,838,0,1,0,0,0,0,0,0,1,1,1,1,1,1,1,1
13:36.9,0xFF02,839,0,1,0,0,0,0,0,0,1,1,1,1,1,1,1,1
13:36.9,0xFF02,840,0,1,0,0,0,0,0,0,1,1,1,1,1,1,1,1
13:36.9,0xFF02,841,0,1,0,0,0,0,0,0,1,1,1,1,1,1,1,1
13:36.9,0xFF02,842,0,1,0,0,0,0,0,0,1,1,1,1,1,1,1,1
13:36.9,0xFF02,843,0,1,0,0,0,0,0,0,1,1,1,1,1,1,1,1
13:36.9,0xFF02,844,0,1,0,0,0,0,0,0,1,1,1,1,1,1,1,1
13:36.9,0xFF02,845,0,1,0,0,0,0,0,0,1,1,1,1,1,1,1,1
13:36.9,0xFF02,846,0,1,0,0,0,0,0,0,1,1,1,1,1,1,1,1
13:36.9,0xFF02,847,0,1,0,0,0,0,0,0,1,1,1,1,1,1,1,1
13:36.9,0xFF02,848,0,1,0,0,0,0,0,0,1,1,1,1,1,1,1,1
13:37.0,0xFF02,849,0,1,0,0,0,0,0,0,1,1,1,1,1,1,1,1
13:37.0,0xFF03,850,1,1,0,0,0,0,0,0,1,1,1,1,1,1,1,1
13:37.0,0xFF03,851,1,1,0,0,0,0,0,0,1,1,1,1,1,1,1,1
13:37.0,0xFF03,852,1,1,0,0,0,0,0,0,1,1,1,1,1,1,1,1
13:37.0,0xFF03,853,1,1,0,0,0,0,0,0,1,1,1,1,1,1,1,1
13:37.0,0xFF03,854,1,1,0,0,0,0,0,0,1,1,1,1,1,1,1,1
13:37.0,0xFF03,855,1,1,0,0,0,0,0,0,1,1,1,1,1,1,1,1
13:37.0,0xFF03,856,1,1,0,0,0,0,0,0,1,1,1,1,1,1,1,1
13:37.0,0xFF03,857,1,1,0,0,0,0,0,0,1,1,1,1,1,1,1,1
13:37.1,0xFF03,858,1,1,0,0,0,0,0,0,1,1,1,1,1,1,1,1
13:37.1,0xFF03,859,1,1,0,0,0,0,0,0,1,1,1,1,1,1,1,1
13:37.1,0xFF03,860,1,1,0,0,0,0,0,0,1,1,1,1,1,1,1,1
13:37.1,0xFF03,861,1,1,0,0,0,0,0,0,1,1,1,1,1,1,1,1
13:37.1,0xFF03,862,1,1,0,0,0,0,0,0,1,1,1,1,1,1,1,1
13:37.1,0xFF03,863,1,1,0,0,0,0,0,0,1,1,1,1,1,1,1,1
13:37.1,0xFF02,864,0,1,0,0,0,0,0,0,1,1,1,1,1,1,1,1
13:37.1,0xFF02,865,0,1,0,0,0,0,0,0,1,1,1,1,1,1,1,1
13:37.1,0xFF02,866,0,1,0,0,0,0,0,0,1,1,1,1,1,1,1,1
13:37.1,0xFF02,867,0,1,0,0,0,0,0,0,1,1,1,1,1,1,1,1
13:37.2,0xFF02,868,0,1,0,0,0,0,0,0,1,1,1,1,1,1,1,1
13:37.2,0xFF02,869,0,1,0,0,0,0,0,0,1,1,1,1,1,1,1,1
13:37.2,0xFF02,870,0,1,0,0,0,0,0,0,1,1,1,1,1,1,1,1
13:37.2,0xFF02,871,0,1,0,0,0,0,0,0,1,1,1,1,1,1,1,1
13:37.2,0xFF02,872,0,1,0,0,0,0,0,0,1,1,1,1,1,1,1,1
13:37.2,0xFF02,873,0,1,0,0,0,0,0,0,1,1,1,1,1,1,1,1
13:37.2,0xFF02,874,0,1,0,0,0,0,0,0,1,1,1,1,1,1,1,1
13:37.2,0xFF02,875,0,1,0,0,0,0,0,0,1,1,1,1,1,1,1,1
13:37.2,0xFF02,876,0,1,0,0,0,0,0,0,1,1,1,1,1,1,1,1
13:37.2,0xFF02,877,0,1,0,0,0,0,0,0,1,1,1,1,1,1,1,1
13:37.3,0xFF02,878,0,1,0,0,0,0,0,0,1,1,1,1,1,1,1,1
13:37.3,0xFF03,879,1,1,0,0,0,0,0,0,1,1,1,1,1,1,1,1
13:37.3,0xFF03,880,1,1,0,0,0,0,0,0,1,1,1,1,1,1,1,1
13:37.3,0xFF03,881,1,1,0,0,0,0,0,0,1,1,1,1,1,1,1,1
13:37.3,0xFF03,882,1,1,0,0,0,0,0,0,1,1,1,1,1,1,1,1
13:37.3,0xFF03,883,1,1,0,0,0,0,0,0,1,1,1,1,1,1,1,1
13:37.3,0xFF03,884,1,1,0,0,0,0,0,0,1,1,1,1,1,1,1,1
13:37.3,0xFF03,885,1,1,0,0,0,0,0,0,1,1,1,1,1,1,1,1
13:37.3,0xFF03,886,1,1,0,0,0,0,0,0,1,1,1,1,1,1,1,1
13:37.3,0xFF03,887,1,1,0,0,0,0,0,0,1,1,1,1,1,1,1,1
13:37.4,0xFF03,888,1,1,0,0,0,0,0,0,1,1,1,1,1,1,1,1
13:37.4,0xFF03,889,1,1,0,0,0,0,0,0,1,1,1,1,1,1,1,1
13:37.4,0xFF03,890,1,1,0,0,0,0,0,0,1,1,1,1,1,1,1,1
13:37.4,0xFF03,891,1,1,0,0,0,0,0,0,1,1,1,1,1,1,1,1
13:37.4,0xFF03,892,1,1,0,0,0,0,0,0,1,1,1,1,1,1,1,1
13:37.4,0xFF03,893,1,1,0,0,0,0,0,0,1,1,1,1,1,1,1,1
13:37.4,0xFF02,894,0,1,0,0,0,0,0,0,1,1,1,1,1,1,1,1
13:37.4,0xFF02,895,0,1,0,0,0,0,0,0,1,1,1,1,1,1,1,1
13:37.4,0xFF02,896,0,1,0,0,0,0,0,0,1,1,1,1,1,1,1,1
13:37.4,0xFF02,897,0,1,0,0,0,0,0,0,1,1,1,1,1,1,1,1
13:37.5,0xFF02,898,0,1,0,0,0,0,0,0,1,1,1,1,1,1,1,1
13:37.5,0xFF02,899,0,1,0,0,0,0,0,0,1,1,1,1,1,1,1,1
13:37.5,0xFF02,900,0,1,0,0,0,0,0,0,1,1,1,1,1,1,1,1
13:37.5,0xFF02,901,0,1,0,0,0,0,0,0,1,1,1,1,1,1,1,1
13:37.5,0xFF02,902,0,1,0,0,0,0,0,0,1,1,1,1,1,1,1,1
13:37.5,0xFF02,903,0,1,0,0,0,0,0,0,1,1,1,1,1,1,1,1
13:37.5,0xFF02,904,0,1,0,0,0,0,0,0,1,1,1,1,1,1,1,1
13:37.5,0xFF02,905,0,1,0,0,0,0,0,0,1,1,1,1,1,1,1,1
13:37.5,0xFF02,906,0,1,0,0,0,0,0,0,1,1,1,1,1,1,1,1
13:37.5,0xFF02,907,0,1,0,0,0,0,0,0,1,1,1,1,1,1,1,1
13:37.6,0xFF02,908,0,1,0,0,0,0,0,0,1,1,1,1,1,1,1,1
13:37.6,0xFF03,909,1,1,0,0,0,0,0,0,1,1,1,1,1,1,1,1
13:37.6,0xFF03,910,1,1,0,0,0,0,0,0,1,1,1,1,1,1,1,1
13:37.6,0xFF03,911,1,1,0,0,0,0,0,0,1,1,1,1,1,1,1,1
13:37.6,0xFF03,912,1,1,0,0,0,0,0,0,1,1,1,1,1,1,1,1
13:37.6,0xFF03,913,1,1,0,0,0,0,0,0,1,1,1,1,1,1,1,1
13:37.6,0xFF03,914,1,1,0,0,0,0,0,0,1,1,1,1,1,1,1,1
13:37.6,0xFF03,915,1,1,0,0,0,0,0,0,1,1,1,1,1,1,1,1
13:37.6,0xFF03,916,1,1,0,0,0,0,0,0,1,1,1,1,1,1,1,1
13:37.6,0xFF03,917,1,1,0,0,0,0,0,0,1,1,1,1,1,1,1,1
13:37.7,0xFF03,918,1,1,0,0,0,0,0,0,1,1,1,1,1,1,1,1
13:37.7,0xFF03,919,1,1,0,0,0,0,0,0,1,1,1,1,1,1,1,1
13:37.7,0xFF03,920,1,1,0,0,0,0,0,0,1,1,1,1,1,1,1,1
13:37.7,0xFF03,921,1,1,0,0,0,0,0,0,1,1,1,1,1,1,1,1
13:37.7,0xFF03,922,1,1,0,0,0,0,0,0,1,1,1,1,1,1,1,1
13:37.7,0xFF03,923,1,1,0,0,0,0,0,0,1,1,1,1,1,1,1,1
13:37.7,0xFF02,924,0,1,0,0,0,0,0,0,1,1,1,1,1,1,1,1
13:37.7,0xFF02,925,0,1,0,0,0,0,0,0,1,1,1,1,1,1,1,1
13:37.7,0xFF02,926,0,1,0,0,0,0,0,0,1,1,1,1,1,1,1,1
13:37.7,0xFF02,927,0,1,0,0,0,0,0,0,1,1,1,1,1,1,1,1
13:37.8,0xFF02,928,0,1,0,0,0,0,0,0,1,1,1,1,1,1,1,1
13:37.8,0xFF02,929,0,1,0,0,0,0,0,0,1,1,1,1,1,1,1,1
13:37.8,0xFF02,930,0,1,0,0,0,0,0,0,1,1,1,1,1,1,1,1
13:37.8,0xFF02,931,0,1,0,0,0,0,0,0,1,1,1,1,1,1,1,1
13:37.8,0xFF02,932,0,1,0,0,0,0,0,0,1,1,1,1,1,1,1,1
13:37.8,0xFF02,933,0,1,0,0,0,0,0,0,1,1,1,1,1,1,1,1
13:37.8,0xFF02,934,0,1,0,0,0,0,0,0,1,1,1,1,1,1,1,1
13:37.8,0xFF02,935,0,1,0,0,0,0,0,0,1,1,1,1,1,1,1,1
13:37.8,0xFF02,936,0,1,0,0,0,0,0,0,1,1,1,1,1,1,1,1
13:37.8,0xFF02,937,0,1,0,0,0,0,0,0,1,1,1,1,1,1,1,1
13:37.9,0xFF02,938,0,1,0,0,0,0,0,0,1,1,1,1,1,1,1,1
13:37.9,0xFF03,939,1,1,0,0,0,0,0,0,1,1,1,1,1,1,1,1
13:37.9,0xFF03,940,1,1,0,0,0,0,0,0,1,1,1,1,1,1,1,1
13:37.9,0xFF03,941,1,1,0,0,0,0,0,0,1,1,1,1,1,1,1,1
13:37.9,0xFF03,942,1,1,0,0,0,0,0,0,1,1,1,1,1,1,1,1
13:37.9,0xFF03,943,1,1,0,0,0,0,0,0,1,1,1,1,1,1,1,1
13:37.9,0xFF03,944,1,1,0,0,0,0,0,0,1,1,1,1,1,1,1,1
13:37.9,0xFF03,945,1,1,0,0,0,0,0,0,1,1,1,1,1,1,1,1
13:37.9,0xFF03,946,1,1,0,0,0,0,0,0,1,1,1,1,1,1,1,1
13:37.9,0xFF03,947,1,1,0,0,0,0,0,0,1,1,1,1,1,1,1,1
13:38.0,0xFF03,948,1,1,0,0,0,0,0,0,1,1,1,1,1,1,1,1
13:38.0,0xFF03,949,1,1,0,0,0,0,0,0,1,1,1,1,1,1,1,1
13:38.0,0xFF03,950,1,1,0,0,0,0,0,0,1,1,1,1,1,1,1,1
13:38.0,0xFF03,951,1,1,0,0,0,0,0,0,1,1,1,1,1,1,1,1
13:38.0,0xFF03,952,1,1,0,0,0,0,0,0,1,1,1,1,1,1,1,1
13:38.0,0xFF03,953,1,1,0,0,0,0,0,0,1,1,1,1,1,1,1,1
13:38.0,0xFF02,954,0,1,0,0,0,0,0,0,1,1,1,1,1,1,1,1
13:38.0,0xFF02,955,0,1,0,0,0,0,0,0,1,1,1,1,1,1,1,1
13:38.0,0xFF02,956,0,1,0,0,0,0,0,0,1,1,1,1,1,1,1,1
13:38.1,0xFF02,957,0,1,0,0,0,0,0,0,1,1,1,1,1,1,1,1
13:38.1,0xFF02,958,0,1,0,0,0,0,0,0,1,1,1,1,1,1,1,1
13:38.1,0xFF02,959,0,1,0,0,0,0,0,0,1,1,1,1,1,1,1,1
13:38.1,0xFF02,960,0,1,0,0,0,0,0,0,1,1,1,1,1,1,1,1
13:38.1,0xFF02,961,0,1,0,0,0,0,0,0,1,1,1,1,1,1,1,1
13:38.1,0xFF02,962,0,1,0,0,0,0,0,0,1,1,1,1,1,1,1,1
13:38.1,0xFF02,963,0,1,0,0,0,0,0,0,1,1,1,1,1,1,1,1
13:38.1,0xFF02,964,0,1,0,0,0,0,0,0,1,1,1,1,1,1,1,1
13:38.1,0xFF02,965,0,1,0,0,0,0,0,0,1,1,1,1,1,1,1,1
13:38.1,0xFF02,966,0,1,0,0,0,0,0,0,1,1,1,1,1,1,1,1
13:38.2,0xFF02,967,0,1,0,0,0,0,0,0,1,1,1,1,1,1,1,1
13:38.2,0xFF03,968,1,1,0,0,0,0,0,0,1,1,1,1,1,1,1,1
13:38.2,0xFF03,969,1,1,0,0,0,0,0,0,1,1,1,1,1,1,1,1
13:38.2,0xFF03,970,1,1,0,0,0,0,0,0,1,1,1,1,1,1,1,1
13:38.2,0xFF03,971,1,1,0,0,0,0,0,0,1,1,1,1,1,1,1,1
13:38.2,0xFF03,972,1,1,0,0,0,0,0,0,1,1,1,1,1,1,1,1
13:38.2,0xFF03,973,1,1,0,0,0,0,0,0,1,1,1,1,1,1,1,1
13:38.2,0xFF03,974,1,1,0,0,0,0,0,0,1,1,1,1,1,1,1,1
13:38.2,0xFF03,975,1,1,0,0,0,0,0,0,1,1,1,1,1,1,1,1
13:38.2,0xFF03,976,1,1,0,0,0,0,0,0,1,1,1,1,1,1,1,1
13:38.3,0xFF03,977,1,1,0,0,0,0,0,0,1,1,1,1,1,1,1,1
13:38.3,0xFF03,978,1,1,0,0,0,0,0,0,1,1,1,1,1,1,1,1
13:38.3,0xFF03,979,1,1,0,0,0,0,0,0,1,1,1,1,1,1,1,1
13:38.3,0xFF03,980,1,1,0,0,0,0,0,0,1,1,1,1,1,1,1,1
13:38.3,0xFF03,981,1,1,0,0,0,0,0,0,1,1,1,1,1,1,1,1
13:38.3,0xFF03,982,1,1,0,0,0,0,0,0,1,1,1,1,1,1,1,1
13:38.3,0xFF02,983,0,1,0,0,0,0,0,0,1,1,1,1,1,1,1,1
13:38.3,0xFF02,984,0,1,0,0,0,0,0,0,1,1,1,1,1,1,1,1
13:38.3,0xFF02,985,0,1,0,0,0,0,0,0,1,1,1,1,1,1,1,1
13:38.3,0xFF02,986,0,1,0,0,0,0,0,0,1,1,1,1,1,1,1,1
13:38.4,0xFF02,987,0,1,0,0,0,0,0,0,1,1,1,1,1,1,1,1
13:38.4,0xFF02,988,0,1,0,0,0,0,0,0,1,1,1,1,1,1,1,1
13:38.4,0xFF02,989,0,1,0,0,0,0,0,0,1,1,1,1,1,1,1,1
13:38.4,0xFF02,990,0,1,0,0,0,0,0,0,1,1,1,1,1,1,1,1
13:38.4,0xFF02,991,0,1,0,0,0,0,0,0,1,1,1,1,1,1,1,1
13:38.4,0xFF02,992,0,1,0,0,0,0,0,0,1,1,1,1,1,1,1,1
13:38.4,0xFF02,993,0,1,0,0,0,0,0,0,1,1,1,1,1,1,1,1
